"cycle","component","source_stem","xpt_path","variable","label"
"2003-2004","demo","DEMO_C","D:/Dev/Bio/nhanes-pfas-albumin-mortality/Database/nhanes/2003-2004/Demographics/DEMO_C.xpt","SEQN","Respondent sequence number"
"2003-2004","demo","DEMO_C","D:/Dev/Bio/nhanes-pfas-albumin-mortality/Database/nhanes/2003-2004/Demographics/DEMO_C.xpt","SDDSRVYR","Data Release Number"
"2003-2004","demo","DEMO_C","D:/Dev/Bio/nhanes-pfas-albumin-mortality/Database/nhanes/2003-2004/Demographics/DEMO_C.xpt","RIDSTATR","Interview/Examination Status"
"2003-2004","demo","DEMO_C","D:/Dev/Bio/nhanes-pfas-albumin-mortality/Database/nhanes/2003-2004/Demographics/DEMO_C.xpt","RIDEXMON","Six month time period"
"2003-2004","demo","DEMO_C","D:/Dev/Bio/nhanes-pfas-albumin-mortality/Database/nhanes/2003-2004/Demographics/DEMO_C.xpt","RIAGENDR","Gender"
"2003-2004","demo","DEMO_C","D:/Dev/Bio/nhanes-pfas-albumin-mortality/Database/nhanes/2003-2004/Demographics/DEMO_C.xpt","RIDAGEYR","Age at Screening Adjudicated - Recode"
"2003-2004","demo","DEMO_C","D:/Dev/Bio/nhanes-pfas-albumin-mortality/Database/nhanes/2003-2004/Demographics/DEMO_C.xpt","RIDAGEMN","Age in Months - Recode"
"2003-2004","demo","DEMO_C","D:/Dev/Bio/nhanes-pfas-albumin-mortality/Database/nhanes/2003-2004/Demographics/DEMO_C.xpt","RIDAGEEX","Exam Age in Months - Recode"
"2003-2004","demo","DEMO_C","D:/Dev/Bio/nhanes-pfas-albumin-mortality/Database/nhanes/2003-2004/Demographics/DEMO_C.xpt","RIDRETH1","Race/Ethnicity - Recode"
"2003-2004","demo","DEMO_C","D:/Dev/Bio/nhanes-pfas-albumin-mortality/Database/nhanes/2003-2004/Demographics/DEMO_C.xpt","RIDRETH2","Linked NH3 Race/Ethnicity - Recode"
"2003-2004","demo","DEMO_C","D:/Dev/Bio/nhanes-pfas-albumin-mortality/Database/nhanes/2003-2004/Demographics/DEMO_C.xpt","DMQMILIT","Veteran/Military Status"
"2003-2004","demo","DEMO_C","D:/Dev/Bio/nhanes-pfas-albumin-mortality/Database/nhanes/2003-2004/Demographics/DEMO_C.xpt","DMDBORN","Country of Birth - Recode"
"2003-2004","demo","DEMO_C","D:/Dev/Bio/nhanes-pfas-albumin-mortality/Database/nhanes/2003-2004/Demographics/DEMO_C.xpt","DMDCITZN","Citizenship Status"
"2003-2004","demo","DEMO_C","D:/Dev/Bio/nhanes-pfas-albumin-mortality/Database/nhanes/2003-2004/Demographics/DEMO_C.xpt","DMDYRSUS","Length of time in US"
"2003-2004","demo","DEMO_C","D:/Dev/Bio/nhanes-pfas-albumin-mortality/Database/nhanes/2003-2004/Demographics/DEMO_C.xpt","DMDEDUC3","Education Level - Children/Youth 6-19"
"2003-2004","demo","DEMO_C","D:/Dev/Bio/nhanes-pfas-albumin-mortality/Database/nhanes/2003-2004/Demographics/DEMO_C.xpt","DMDEDUC2","Education Level - Adults 20+"
"2003-2004","demo","DEMO_C","D:/Dev/Bio/nhanes-pfas-albumin-mortality/Database/nhanes/2003-2004/Demographics/DEMO_C.xpt","DMDEDUC","Education - Recode (old version)"
"2003-2004","demo","DEMO_C","D:/Dev/Bio/nhanes-pfas-albumin-mortality/Database/nhanes/2003-2004/Demographics/DEMO_C.xpt","DMDSCHOL","Now attending school?"
"2003-2004","demo","DEMO_C","D:/Dev/Bio/nhanes-pfas-albumin-mortality/Database/nhanes/2003-2004/Demographics/DEMO_C.xpt","DMDMARTL","Marital Status"
"2003-2004","demo","DEMO_C","D:/Dev/Bio/nhanes-pfas-albumin-mortality/Database/nhanes/2003-2004/Demographics/DEMO_C.xpt","DMDHHSIZ","Total number of people in the Household"
"2003-2004","demo","DEMO_C","D:/Dev/Bio/nhanes-pfas-albumin-mortality/Database/nhanes/2003-2004/Demographics/DEMO_C.xpt","INDHHINC","Annual Household Income"
"2003-2004","demo","DEMO_C","D:/Dev/Bio/nhanes-pfas-albumin-mortality/Database/nhanes/2003-2004/Demographics/DEMO_C.xpt","INDFMINC","Annual Family Income"
"2003-2004","demo","DEMO_C","D:/Dev/Bio/nhanes-pfas-albumin-mortality/Database/nhanes/2003-2004/Demographics/DEMO_C.xpt","INDFMPIR","Family PIR"
"2003-2004","demo","DEMO_C","D:/Dev/Bio/nhanes-pfas-albumin-mortality/Database/nhanes/2003-2004/Demographics/DEMO_C.xpt","RIDEXPRG","Pregnancy Status at Exam - Recode"
"2003-2004","demo","DEMO_C","D:/Dev/Bio/nhanes-pfas-albumin-mortality/Database/nhanes/2003-2004/Demographics/DEMO_C.xpt","DMDHRGND","HH Ref Person Gender"
"2003-2004","demo","DEMO_C","D:/Dev/Bio/nhanes-pfas-albumin-mortality/Database/nhanes/2003-2004/Demographics/DEMO_C.xpt","DMDHRAGE","HH Ref Person Age"
"2003-2004","demo","DEMO_C","D:/Dev/Bio/nhanes-pfas-albumin-mortality/Database/nhanes/2003-2004/Demographics/DEMO_C.xpt","DMDHRBRN","HH Ref Person Country of Birth"
"2003-2004","demo","DEMO_C","D:/Dev/Bio/nhanes-pfas-albumin-mortality/Database/nhanes/2003-2004/Demographics/DEMO_C.xpt","DMDHREDU","HH Ref Person Education Level"
"2003-2004","demo","DEMO_C","D:/Dev/Bio/nhanes-pfas-albumin-mortality/Database/nhanes/2003-2004/Demographics/DEMO_C.xpt","DMDHRMAR","HH Ref Person Marital Status"
"2003-2004","demo","DEMO_C","D:/Dev/Bio/nhanes-pfas-albumin-mortality/Database/nhanes/2003-2004/Demographics/DEMO_C.xpt","DMDHSEDU","HH Ref Person's Spouse Education Level"
"2003-2004","demo","DEMO_C","D:/Dev/Bio/nhanes-pfas-albumin-mortality/Database/nhanes/2003-2004/Demographics/DEMO_C.xpt","SIALANG","Language of SP Interview"
"2003-2004","demo","DEMO_C","D:/Dev/Bio/nhanes-pfas-albumin-mortality/Database/nhanes/2003-2004/Demographics/DEMO_C.xpt","SIAPROXY","Proxy used in SP Interview?"
"2003-2004","demo","DEMO_C","D:/Dev/Bio/nhanes-pfas-albumin-mortality/Database/nhanes/2003-2004/Demographics/DEMO_C.xpt","SIAINTRP","Interpreter used in SP Interview?"
"2003-2004","demo","DEMO_C","D:/Dev/Bio/nhanes-pfas-albumin-mortality/Database/nhanes/2003-2004/Demographics/DEMO_C.xpt","FIALANG","Language of Family Interview"
"2003-2004","demo","DEMO_C","D:/Dev/Bio/nhanes-pfas-albumin-mortality/Database/nhanes/2003-2004/Demographics/DEMO_C.xpt","FIAPROXY","Proxy used in Family Interview?"
"2003-2004","demo","DEMO_C","D:/Dev/Bio/nhanes-pfas-albumin-mortality/Database/nhanes/2003-2004/Demographics/DEMO_C.xpt","FIAINTRP","Interpreter used in Family Interview?"
"2003-2004","demo","DEMO_C","D:/Dev/Bio/nhanes-pfas-albumin-mortality/Database/nhanes/2003-2004/Demographics/DEMO_C.xpt","MIALANG","Language of MEC Interview"
"2003-2004","demo","DEMO_C","D:/Dev/Bio/nhanes-pfas-albumin-mortality/Database/nhanes/2003-2004/Demographics/DEMO_C.xpt","MIAPROXY","Proxy used in MEC Interview?"
"2003-2004","demo","DEMO_C","D:/Dev/Bio/nhanes-pfas-albumin-mortality/Database/nhanes/2003-2004/Demographics/DEMO_C.xpt","MIAINTRP","Interpreter used in MEC Interview?"
"2003-2004","demo","DEMO_C","D:/Dev/Bio/nhanes-pfas-albumin-mortality/Database/nhanes/2003-2004/Demographics/DEMO_C.xpt","AIALANG","Language of ACASI Interview"
"2003-2004","demo","DEMO_C","D:/Dev/Bio/nhanes-pfas-albumin-mortality/Database/nhanes/2003-2004/Demographics/DEMO_C.xpt","WTINT2YR","Full Sample 2 Year Interview Weight"
"2003-2004","demo","DEMO_C","D:/Dev/Bio/nhanes-pfas-albumin-mortality/Database/nhanes/2003-2004/Demographics/DEMO_C.xpt","WTMEC2YR","Full Sample 2 Year MEC Exam Weight"
"2003-2004","demo","DEMO_C","D:/Dev/Bio/nhanes-pfas-albumin-mortality/Database/nhanes/2003-2004/Demographics/DEMO_C.xpt","SDMVPSU","Masked Variance Pseudo-PSU"
"2003-2004","demo","DEMO_C","D:/Dev/Bio/nhanes-pfas-albumin-mortality/Database/nhanes/2003-2004/Demographics/DEMO_C.xpt","SDMVSTRA","Masked Variance Pseudo-Stratum"
"2003-2004","biochemistry","L40_C","D:/Dev/Bio/nhanes-pfas-albumin-mortality/Database/nhanes/2003-2004/Laboratory/L40_C.xpt","SEQN","Respondent sequence number"
"2003-2004","biochemistry","L40_C","D:/Dev/Bio/nhanes-pfas-albumin-mortality/Database/nhanes/2003-2004/Laboratory/L40_C.xpt","LBXSAL","Albumin (g/dL)"
"2003-2004","biochemistry","L40_C","D:/Dev/Bio/nhanes-pfas-albumin-mortality/Database/nhanes/2003-2004/Laboratory/L40_C.xpt","LBDSALSI","Albumin (g/L)"
"2003-2004","biochemistry","L40_C","D:/Dev/Bio/nhanes-pfas-albumin-mortality/Database/nhanes/2003-2004/Laboratory/L40_C.xpt","LBXSATSI","Alanine aminotransferase ALT (U/L)"
"2003-2004","biochemistry","L40_C","D:/Dev/Bio/nhanes-pfas-albumin-mortality/Database/nhanes/2003-2004/Laboratory/L40_C.xpt","LBXSASSI","Aspartate aminotransferase AST (U/L)"
"2003-2004","biochemistry","L40_C","D:/Dev/Bio/nhanes-pfas-albumin-mortality/Database/nhanes/2003-2004/Laboratory/L40_C.xpt","LBXSAPSI","Alkaline phosphotase (U/L)"
"2003-2004","biochemistry","L40_C","D:/Dev/Bio/nhanes-pfas-albumin-mortality/Database/nhanes/2003-2004/Laboratory/L40_C.xpt","LBXSBU","Blood urea nitrogen (mg/dL)"
"2003-2004","biochemistry","L40_C","D:/Dev/Bio/nhanes-pfas-albumin-mortality/Database/nhanes/2003-2004/Laboratory/L40_C.xpt","LBDSBUSI","Blood urea nitrogen (mmol/L)"
"2003-2004","biochemistry","L40_C","D:/Dev/Bio/nhanes-pfas-albumin-mortality/Database/nhanes/2003-2004/Laboratory/L40_C.xpt","LBXSCA","Total calcium (mg/dL)"
"2003-2004","biochemistry","L40_C","D:/Dev/Bio/nhanes-pfas-albumin-mortality/Database/nhanes/2003-2004/Laboratory/L40_C.xpt","LBDSCASI","Total calcium (mmol/L)"
"2003-2004","biochemistry","L40_C","D:/Dev/Bio/nhanes-pfas-albumin-mortality/Database/nhanes/2003-2004/Laboratory/L40_C.xpt","LBXSCH","Cholesterol (mg/dL)"
"2003-2004","biochemistry","L40_C","D:/Dev/Bio/nhanes-pfas-albumin-mortality/Database/nhanes/2003-2004/Laboratory/L40_C.xpt","LBDSCHSI","Cholesterol (mmol/L)"
"2003-2004","biochemistry","L40_C","D:/Dev/Bio/nhanes-pfas-albumin-mortality/Database/nhanes/2003-2004/Laboratory/L40_C.xpt","LBXSC3SI","Bicarbonate (mmol/L)"
"2003-2004","biochemistry","L40_C","D:/Dev/Bio/nhanes-pfas-albumin-mortality/Database/nhanes/2003-2004/Laboratory/L40_C.xpt","LBXSGTSI","Gamma glutamyl transferase (U/L)"
"2003-2004","biochemistry","L40_C","D:/Dev/Bio/nhanes-pfas-albumin-mortality/Database/nhanes/2003-2004/Laboratory/L40_C.xpt","LBXSGL","Glucose, serum (mg/dL)"
"2003-2004","biochemistry","L40_C","D:/Dev/Bio/nhanes-pfas-albumin-mortality/Database/nhanes/2003-2004/Laboratory/L40_C.xpt","LBDSGLSI","Glucose, serum (mmol/L)"
"2003-2004","biochemistry","L40_C","D:/Dev/Bio/nhanes-pfas-albumin-mortality/Database/nhanes/2003-2004/Laboratory/L40_C.xpt","LBXSIR","Iron, refigerated (ug/dL)"
"2003-2004","biochemistry","L40_C","D:/Dev/Bio/nhanes-pfas-albumin-mortality/Database/nhanes/2003-2004/Laboratory/L40_C.xpt","LBDSIRSI","Iron, refigerated (umol/L)"
"2003-2004","biochemistry","L40_C","D:/Dev/Bio/nhanes-pfas-albumin-mortality/Database/nhanes/2003-2004/Laboratory/L40_C.xpt","LBXSLDSI","Lactate dehydrogenase LDH (U/L)"
"2003-2004","biochemistry","L40_C","D:/Dev/Bio/nhanes-pfas-albumin-mortality/Database/nhanes/2003-2004/Laboratory/L40_C.xpt","LBXSPH","Phosphorus (mg/dL)"
"2003-2004","biochemistry","L40_C","D:/Dev/Bio/nhanes-pfas-albumin-mortality/Database/nhanes/2003-2004/Laboratory/L40_C.xpt","LBDSPHSI","Phosphorus (mmol/L)"
"2003-2004","biochemistry","L40_C","D:/Dev/Bio/nhanes-pfas-albumin-mortality/Database/nhanes/2003-2004/Laboratory/L40_C.xpt","LBXSTB","Total bilirubin (mg/dL)"
"2003-2004","biochemistry","L40_C","D:/Dev/Bio/nhanes-pfas-albumin-mortality/Database/nhanes/2003-2004/Laboratory/L40_C.xpt","LBDSTBSI","Bilirubin, total (umol/L)"
"2003-2004","biochemistry","L40_C","D:/Dev/Bio/nhanes-pfas-albumin-mortality/Database/nhanes/2003-2004/Laboratory/L40_C.xpt","LBXSTP","Total protein (g/dL)"
"2003-2004","biochemistry","L40_C","D:/Dev/Bio/nhanes-pfas-albumin-mortality/Database/nhanes/2003-2004/Laboratory/L40_C.xpt","LBDSTPSI","Total protein (g/L)"
"2003-2004","biochemistry","L40_C","D:/Dev/Bio/nhanes-pfas-albumin-mortality/Database/nhanes/2003-2004/Laboratory/L40_C.xpt","LBXSTR","Triglycerides (mg/dL)"
"2003-2004","biochemistry","L40_C","D:/Dev/Bio/nhanes-pfas-albumin-mortality/Database/nhanes/2003-2004/Laboratory/L40_C.xpt","LBDSTRSI","Triglycerides (mmol/L)"
"2003-2004","biochemistry","L40_C","D:/Dev/Bio/nhanes-pfas-albumin-mortality/Database/nhanes/2003-2004/Laboratory/L40_C.xpt","LBXSUA","Uric acid (mg/dL)"
"2003-2004","biochemistry","L40_C","D:/Dev/Bio/nhanes-pfas-albumin-mortality/Database/nhanes/2003-2004/Laboratory/L40_C.xpt","LBDSUASI","Uric acid (umol/L)"
"2003-2004","biochemistry","L40_C","D:/Dev/Bio/nhanes-pfas-albumin-mortality/Database/nhanes/2003-2004/Laboratory/L40_C.xpt","LBXSCR","Creatinine (mg/dL)"
"2003-2004","biochemistry","L40_C","D:/Dev/Bio/nhanes-pfas-albumin-mortality/Database/nhanes/2003-2004/Laboratory/L40_C.xpt","LBDSCRSI","Creatinine (umol/L)"
"2003-2004","biochemistry","L40_C","D:/Dev/Bio/nhanes-pfas-albumin-mortality/Database/nhanes/2003-2004/Laboratory/L40_C.xpt","LBXSNASI","Sodium (mmol/L)"
"2003-2004","biochemistry","L40_C","D:/Dev/Bio/nhanes-pfas-albumin-mortality/Database/nhanes/2003-2004/Laboratory/L40_C.xpt","LBXSKSI","Potassium (mmol/L)"
"2003-2004","biochemistry","L40_C","D:/Dev/Bio/nhanes-pfas-albumin-mortality/Database/nhanes/2003-2004/Laboratory/L40_C.xpt","LBXSCLSI","Chloride (mmol/L)"
"2003-2004","biochemistry","L40_C","D:/Dev/Bio/nhanes-pfas-albumin-mortality/Database/nhanes/2003-2004/Laboratory/L40_C.xpt","LBXSOSSI","Osmolality (mmol/Kg)"
"2003-2004","biochemistry","L40_C","D:/Dev/Bio/nhanes-pfas-albumin-mortality/Database/nhanes/2003-2004/Laboratory/L40_C.xpt","LBXSGB","Globulin (g/dL)"
"2003-2004","biochemistry","L40_C","D:/Dev/Bio/nhanes-pfas-albumin-mortality/Database/nhanes/2003-2004/Laboratory/L40_C.xpt","LBDSGBSI","Globulin (g/L)"
"2003-2004","metals","L06BMT_C","D:/Dev/Bio/nhanes-pfas-albumin-mortality/Database/nhanes/2003-2004/Laboratory/L06BMT_C.xpt","SEQN","Respondent sequence number"
"2003-2004","metals","L06BMT_C","D:/Dev/Bio/nhanes-pfas-albumin-mortality/Database/nhanes/2003-2004/Laboratory/L06BMT_C.xpt","LBXBCD","Cadmium (ug/L)"
"2003-2004","metals","L06BMT_C","D:/Dev/Bio/nhanes-pfas-albumin-mortality/Database/nhanes/2003-2004/Laboratory/L06BMT_C.xpt","LBDBCDSI","Cadmium (nmoL/L)"
"2003-2004","metals","L06BMT_C","D:/Dev/Bio/nhanes-pfas-albumin-mortality/Database/nhanes/2003-2004/Laboratory/L06BMT_C.xpt","LBXBPB","Lead (ug/dL)"
"2003-2004","metals","L06BMT_C","D:/Dev/Bio/nhanes-pfas-albumin-mortality/Database/nhanes/2003-2004/Laboratory/L06BMT_C.xpt","LBDBPBSI","Lead (umoL/L)"
"2003-2004","metals","L06BMT_C","D:/Dev/Bio/nhanes-pfas-albumin-mortality/Database/nhanes/2003-2004/Laboratory/L06BMT_C.xpt","LBXTHG","Mercury, total (ug/L)"
"2003-2004","metals","L06BMT_C","D:/Dev/Bio/nhanes-pfas-albumin-mortality/Database/nhanes/2003-2004/Laboratory/L06BMT_C.xpt","LBDTHGSI","Mercury, total (umoL/L)"
"2003-2004","metals","L06BMT_C","D:/Dev/Bio/nhanes-pfas-albumin-mortality/Database/nhanes/2003-2004/Laboratory/L06BMT_C.xpt","LBXIHG","Mercury, inorganic (ug/L)"
"2003-2004","metals","L06BMT_C","D:/Dev/Bio/nhanes-pfas-albumin-mortality/Database/nhanes/2003-2004/Laboratory/L06BMT_C.xpt","LBDIHGSI","Mercury, inorganic (umoL/L)"
"2003-2004","pfas_standard","L24PFC_C","D:/Dev/Bio/nhanes-pfas-albumin-mortality/Database/nhanes/2003-2004/Laboratory/L24PFC_C.xpt","SEQN","Respondent sequence number"
"2003-2004","pfas_standard","L24PFC_C","D:/Dev/Bio/nhanes-pfas-albumin-mortality/Database/nhanes/2003-2004/Laboratory/L24PFC_C.xpt","WTSA2YR","Two-year MEC weights of subsample A"
"2003-2004","pfas_standard","L24PFC_C","D:/Dev/Bio/nhanes-pfas-albumin-mortality/Database/nhanes/2003-2004/Laboratory/L24PFC_C.xpt","LBXPFOA","Perfluorooctanoic acid"
"2003-2004","pfas_standard","L24PFC_C","D:/Dev/Bio/nhanes-pfas-albumin-mortality/Database/nhanes/2003-2004/Laboratory/L24PFC_C.xpt","LBDPFOAL","Perfluorooctanoic acid comment"
"2003-2004","pfas_standard","L24PFC_C","D:/Dev/Bio/nhanes-pfas-albumin-mortality/Database/nhanes/2003-2004/Laboratory/L24PFC_C.xpt","LBXPFOS","Perfluorooctane sulfonic acid"
"2003-2004","pfas_standard","L24PFC_C","D:/Dev/Bio/nhanes-pfas-albumin-mortality/Database/nhanes/2003-2004/Laboratory/L24PFC_C.xpt","LBDPFOSL","Perfluorooctane sulfonic acid comment"
"2003-2004","pfas_standard","L24PFC_C","D:/Dev/Bio/nhanes-pfas-albumin-mortality/Database/nhanes/2003-2004/Laboratory/L24PFC_C.xpt","LBXPFHS","Perfluorohexane sulfonic acid"
"2003-2004","pfas_standard","L24PFC_C","D:/Dev/Bio/nhanes-pfas-albumin-mortality/Database/nhanes/2003-2004/Laboratory/L24PFC_C.xpt","LBDPFHSL","Perfluorohexane sulfonic acid comment"
"2003-2004","pfas_standard","L24PFC_C","D:/Dev/Bio/nhanes-pfas-albumin-mortality/Database/nhanes/2003-2004/Laboratory/L24PFC_C.xpt","LBXEPAH","2-(N-ethyl-PFOSA) acetate"
"2003-2004","pfas_standard","L24PFC_C","D:/Dev/Bio/nhanes-pfas-albumin-mortality/Database/nhanes/2003-2004/Laboratory/L24PFC_C.xpt","LBDEPAHL","2-(N-ethyl-PFOSA) acetate comment"
"2003-2004","pfas_standard","L24PFC_C","D:/Dev/Bio/nhanes-pfas-albumin-mortality/Database/nhanes/2003-2004/Laboratory/L24PFC_C.xpt","LBXMPAH","2-(N-methyl-PFOSA) acetate"
"2003-2004","pfas_standard","L24PFC_C","D:/Dev/Bio/nhanes-pfas-albumin-mortality/Database/nhanes/2003-2004/Laboratory/L24PFC_C.xpt","LBDMPAHL","2-(N-methyl-PFOSA) acetate comment"
"2003-2004","pfas_standard","L24PFC_C","D:/Dev/Bio/nhanes-pfas-albumin-mortality/Database/nhanes/2003-2004/Laboratory/L24PFC_C.xpt","LBXPFDE","Perfluorodecanoic acid"
"2003-2004","pfas_standard","L24PFC_C","D:/Dev/Bio/nhanes-pfas-albumin-mortality/Database/nhanes/2003-2004/Laboratory/L24PFC_C.xpt","LBDPFDEL","Perfluorodecanoic acid comment"
"2003-2004","pfas_standard","L24PFC_C","D:/Dev/Bio/nhanes-pfas-albumin-mortality/Database/nhanes/2003-2004/Laboratory/L24PFC_C.xpt","LBXPFBS","Perfluorobutane sulfonic acid"
"2003-2004","pfas_standard","L24PFC_C","D:/Dev/Bio/nhanes-pfas-albumin-mortality/Database/nhanes/2003-2004/Laboratory/L24PFC_C.xpt","LBDPFBSL","Perfluorobutane sulfonic acid comment"
"2003-2004","pfas_standard","L24PFC_C","D:/Dev/Bio/nhanes-pfas-albumin-mortality/Database/nhanes/2003-2004/Laboratory/L24PFC_C.xpt","LBXPFHP","Perfluoroheptanoic acid"
"2003-2004","pfas_standard","L24PFC_C","D:/Dev/Bio/nhanes-pfas-albumin-mortality/Database/nhanes/2003-2004/Laboratory/L24PFC_C.xpt","LBDPFHPL","Perfluoroheptanoic acid comment"
"2003-2004","pfas_standard","L24PFC_C","D:/Dev/Bio/nhanes-pfas-albumin-mortality/Database/nhanes/2003-2004/Laboratory/L24PFC_C.xpt","LBXPFNA","Perfluorononanoic acid"
"2003-2004","pfas_standard","L24PFC_C","D:/Dev/Bio/nhanes-pfas-albumin-mortality/Database/nhanes/2003-2004/Laboratory/L24PFC_C.xpt","LBDPFNAL","Perfluorononanoic acid comment"
"2003-2004","pfas_standard","L24PFC_C","D:/Dev/Bio/nhanes-pfas-albumin-mortality/Database/nhanes/2003-2004/Laboratory/L24PFC_C.xpt","LBXPFSA","Perfluorooctane sulfonamide"
"2003-2004","pfas_standard","L24PFC_C","D:/Dev/Bio/nhanes-pfas-albumin-mortality/Database/nhanes/2003-2004/Laboratory/L24PFC_C.xpt","LBDPFSAL","Perfluorooctane sulfonamide comment"
"2003-2004","pfas_standard","L24PFC_C","D:/Dev/Bio/nhanes-pfas-albumin-mortality/Database/nhanes/2003-2004/Laboratory/L24PFC_C.xpt","LBXPFUA","Perfluoroundecanoic acid"
"2003-2004","pfas_standard","L24PFC_C","D:/Dev/Bio/nhanes-pfas-albumin-mortality/Database/nhanes/2003-2004/Laboratory/L24PFC_C.xpt","LBDPFUAL","Perfluoroundecanoic acid comment"
"2003-2004","pfas_standard","L24PFC_C","D:/Dev/Bio/nhanes-pfas-albumin-mortality/Database/nhanes/2003-2004/Laboratory/L24PFC_C.xpt","LBXPFDO","Perfluorododecanoic acid"
"2003-2004","pfas_standard","L24PFC_C","D:/Dev/Bio/nhanes-pfas-albumin-mortality/Database/nhanes/2003-2004/Laboratory/L24PFC_C.xpt","LBDPFDOL","Perfluorododecanoic acid comment"
"2005-2006","demo","DEMO_D","D:/Dev/Bio/nhanes-pfas-albumin-mortality/Database/nhanes/2005-2006/Demographics/DEMO_D.xpt","SEQN","Respondent sequence number"
"2005-2006","demo","DEMO_D","D:/Dev/Bio/nhanes-pfas-albumin-mortality/Database/nhanes/2005-2006/Demographics/DEMO_D.xpt","SDDSRVYR","Data Release Number"
"2005-2006","demo","DEMO_D","D:/Dev/Bio/nhanes-pfas-albumin-mortality/Database/nhanes/2005-2006/Demographics/DEMO_D.xpt","RIDSTATR","Interview/Examination Status"
"2005-2006","demo","DEMO_D","D:/Dev/Bio/nhanes-pfas-albumin-mortality/Database/nhanes/2005-2006/Demographics/DEMO_D.xpt","RIDEXMON","Six month time period"
"2005-2006","demo","DEMO_D","D:/Dev/Bio/nhanes-pfas-albumin-mortality/Database/nhanes/2005-2006/Demographics/DEMO_D.xpt","RIAGENDR","Gender"
"2005-2006","demo","DEMO_D","D:/Dev/Bio/nhanes-pfas-albumin-mortality/Database/nhanes/2005-2006/Demographics/DEMO_D.xpt","RIDAGEYR","Age at Screening Adjudicated - Recode"
"2005-2006","demo","DEMO_D","D:/Dev/Bio/nhanes-pfas-albumin-mortality/Database/nhanes/2005-2006/Demographics/DEMO_D.xpt","RIDAGEMN","Age in Months - Recode"
"2005-2006","demo","DEMO_D","D:/Dev/Bio/nhanes-pfas-albumin-mortality/Database/nhanes/2005-2006/Demographics/DEMO_D.xpt","RIDAGEEX","Exam Age in Months - Recode"
"2005-2006","demo","DEMO_D","D:/Dev/Bio/nhanes-pfas-albumin-mortality/Database/nhanes/2005-2006/Demographics/DEMO_D.xpt","RIDRETH1","Race/Ethnicity - Recode"
"2005-2006","demo","DEMO_D","D:/Dev/Bio/nhanes-pfas-albumin-mortality/Database/nhanes/2005-2006/Demographics/DEMO_D.xpt","DMQMILIT","Veteran/Military Status"
"2005-2006","demo","DEMO_D","D:/Dev/Bio/nhanes-pfas-albumin-mortality/Database/nhanes/2005-2006/Demographics/DEMO_D.xpt","DMDBORN","Country of Birth - Recode"
"2005-2006","demo","DEMO_D","D:/Dev/Bio/nhanes-pfas-albumin-mortality/Database/nhanes/2005-2006/Demographics/DEMO_D.xpt","DMDCITZN","Citizenship Status"
"2005-2006","demo","DEMO_D","D:/Dev/Bio/nhanes-pfas-albumin-mortality/Database/nhanes/2005-2006/Demographics/DEMO_D.xpt","DMDYRSUS","Length of time in US"
"2005-2006","demo","DEMO_D","D:/Dev/Bio/nhanes-pfas-albumin-mortality/Database/nhanes/2005-2006/Demographics/DEMO_D.xpt","DMDEDUC3","Education Level - Children/Youth 6-19"
"2005-2006","demo","DEMO_D","D:/Dev/Bio/nhanes-pfas-albumin-mortality/Database/nhanes/2005-2006/Demographics/DEMO_D.xpt","DMDEDUC2","Education Level - Adults 20+"
"2005-2006","demo","DEMO_D","D:/Dev/Bio/nhanes-pfas-albumin-mortality/Database/nhanes/2005-2006/Demographics/DEMO_D.xpt","DMDSCHOL","Now attending school?"
"2005-2006","demo","DEMO_D","D:/Dev/Bio/nhanes-pfas-albumin-mortality/Database/nhanes/2005-2006/Demographics/DEMO_D.xpt","DMDMARTL","Marital Status"
"2005-2006","demo","DEMO_D","D:/Dev/Bio/nhanes-pfas-albumin-mortality/Database/nhanes/2005-2006/Demographics/DEMO_D.xpt","DMDHHSIZ","Total number of people in the Household"
"2005-2006","demo","DEMO_D","D:/Dev/Bio/nhanes-pfas-albumin-mortality/Database/nhanes/2005-2006/Demographics/DEMO_D.xpt","DMDFMSIZ","Total number of people in the Family"
"2005-2006","demo","DEMO_D","D:/Dev/Bio/nhanes-pfas-albumin-mortality/Database/nhanes/2005-2006/Demographics/DEMO_D.xpt","INDHHINC","Annual Household Income"
"2005-2006","demo","DEMO_D","D:/Dev/Bio/nhanes-pfas-albumin-mortality/Database/nhanes/2005-2006/Demographics/DEMO_D.xpt","INDFMINC","Annual Family Income"
"2005-2006","demo","DEMO_D","D:/Dev/Bio/nhanes-pfas-albumin-mortality/Database/nhanes/2005-2006/Demographics/DEMO_D.xpt","INDFMPIR","Family PIR"
"2005-2006","demo","DEMO_D","D:/Dev/Bio/nhanes-pfas-albumin-mortality/Database/nhanes/2005-2006/Demographics/DEMO_D.xpt","RIDEXPRG","Pregnancy Status at Exam - Recode"
"2005-2006","demo","DEMO_D","D:/Dev/Bio/nhanes-pfas-albumin-mortality/Database/nhanes/2005-2006/Demographics/DEMO_D.xpt","DMDHRGND","HH Ref Person Gender"
"2005-2006","demo","DEMO_D","D:/Dev/Bio/nhanes-pfas-albumin-mortality/Database/nhanes/2005-2006/Demographics/DEMO_D.xpt","DMDHRAGE","HH Ref Person Age"
"2005-2006","demo","DEMO_D","D:/Dev/Bio/nhanes-pfas-albumin-mortality/Database/nhanes/2005-2006/Demographics/DEMO_D.xpt","DMDHRBRN","HH Ref Person Country of Birth"
"2005-2006","demo","DEMO_D","D:/Dev/Bio/nhanes-pfas-albumin-mortality/Database/nhanes/2005-2006/Demographics/DEMO_D.xpt","DMDHREDU","HH Ref Person Education Level"
"2005-2006","demo","DEMO_D","D:/Dev/Bio/nhanes-pfas-albumin-mortality/Database/nhanes/2005-2006/Demographics/DEMO_D.xpt","DMDHRMAR","HH Ref Person Marital Status"
"2005-2006","demo","DEMO_D","D:/Dev/Bio/nhanes-pfas-albumin-mortality/Database/nhanes/2005-2006/Demographics/DEMO_D.xpt","DMDHSEDU","HH Ref Person's Spouse Education Level"
"2005-2006","demo","DEMO_D","D:/Dev/Bio/nhanes-pfas-albumin-mortality/Database/nhanes/2005-2006/Demographics/DEMO_D.xpt","SIALANG","Language of SP Interview"
"2005-2006","demo","DEMO_D","D:/Dev/Bio/nhanes-pfas-albumin-mortality/Database/nhanes/2005-2006/Demographics/DEMO_D.xpt","SIAPROXY","Proxy used in SP Interview?"
"2005-2006","demo","DEMO_D","D:/Dev/Bio/nhanes-pfas-albumin-mortality/Database/nhanes/2005-2006/Demographics/DEMO_D.xpt","SIAINTRP","Interpreter used in SP Interview?"
"2005-2006","demo","DEMO_D","D:/Dev/Bio/nhanes-pfas-albumin-mortality/Database/nhanes/2005-2006/Demographics/DEMO_D.xpt","FIALANG","Language of Family Interview"
"2005-2006","demo","DEMO_D","D:/Dev/Bio/nhanes-pfas-albumin-mortality/Database/nhanes/2005-2006/Demographics/DEMO_D.xpt","FIAPROXY","Proxy used in Family Interview?"
"2005-2006","demo","DEMO_D","D:/Dev/Bio/nhanes-pfas-albumin-mortality/Database/nhanes/2005-2006/Demographics/DEMO_D.xpt","FIAINTRP","Interpreter used in Family Interview?"
"2005-2006","demo","DEMO_D","D:/Dev/Bio/nhanes-pfas-albumin-mortality/Database/nhanes/2005-2006/Demographics/DEMO_D.xpt","MIALANG","Language of MEC Interview"
"2005-2006","demo","DEMO_D","D:/Dev/Bio/nhanes-pfas-albumin-mortality/Database/nhanes/2005-2006/Demographics/DEMO_D.xpt","MIAPROXY","Proxy used in MEC Interview?"
"2005-2006","demo","DEMO_D","D:/Dev/Bio/nhanes-pfas-albumin-mortality/Database/nhanes/2005-2006/Demographics/DEMO_D.xpt","MIAINTRP","Interpreter used in MEC Interview?"
"2005-2006","demo","DEMO_D","D:/Dev/Bio/nhanes-pfas-albumin-mortality/Database/nhanes/2005-2006/Demographics/DEMO_D.xpt","AIALANG","Language of ACASI Interview"
"2005-2006","demo","DEMO_D","D:/Dev/Bio/nhanes-pfas-albumin-mortality/Database/nhanes/2005-2006/Demographics/DEMO_D.xpt","WTINT2YR","Full Sample 2 Year Interview Weight"
"2005-2006","demo","DEMO_D","D:/Dev/Bio/nhanes-pfas-albumin-mortality/Database/nhanes/2005-2006/Demographics/DEMO_D.xpt","WTMEC2YR","Full Sample 2 Year MEC Exam Weight"
"2005-2006","demo","DEMO_D","D:/Dev/Bio/nhanes-pfas-albumin-mortality/Database/nhanes/2005-2006/Demographics/DEMO_D.xpt","SDMVPSU","Masked Variance Pseudo-PSU"
"2005-2006","demo","DEMO_D","D:/Dev/Bio/nhanes-pfas-albumin-mortality/Database/nhanes/2005-2006/Demographics/DEMO_D.xpt","SDMVSTRA","Masked Variance Pseudo-Stratum"
"2005-2006","biochemistry","BIOPRO_D","D:/Dev/Bio/nhanes-pfas-albumin-mortality/Database/nhanes/2005-2006/Laboratory/BIOPRO_D.xpt","SEQN","Respondent sequence number"
"2005-2006","biochemistry","BIOPRO_D","D:/Dev/Bio/nhanes-pfas-albumin-mortality/Database/nhanes/2005-2006/Laboratory/BIOPRO_D.xpt","LBXSAL","Albumin (g/dL)"
"2005-2006","biochemistry","BIOPRO_D","D:/Dev/Bio/nhanes-pfas-albumin-mortality/Database/nhanes/2005-2006/Laboratory/BIOPRO_D.xpt","LBDSALSI","Albumin (g/L)"
"2005-2006","biochemistry","BIOPRO_D","D:/Dev/Bio/nhanes-pfas-albumin-mortality/Database/nhanes/2005-2006/Laboratory/BIOPRO_D.xpt","LBXSATSI","Alanine aminotransferase ALT (U/L)"
"2005-2006","biochemistry","BIOPRO_D","D:/Dev/Bio/nhanes-pfas-albumin-mortality/Database/nhanes/2005-2006/Laboratory/BIOPRO_D.xpt","LBXSASSI","Aspartate aminotransferase AST (U/L)"
"2005-2006","biochemistry","BIOPRO_D","D:/Dev/Bio/nhanes-pfas-albumin-mortality/Database/nhanes/2005-2006/Laboratory/BIOPRO_D.xpt","LBXSAPSI","Alkaline phosphotase (U/L)"
"2005-2006","biochemistry","BIOPRO_D","D:/Dev/Bio/nhanes-pfas-albumin-mortality/Database/nhanes/2005-2006/Laboratory/BIOPRO_D.xpt","LBXSBU","Blood urea nitrogen (mg/dL)"
"2005-2006","biochemistry","BIOPRO_D","D:/Dev/Bio/nhanes-pfas-albumin-mortality/Database/nhanes/2005-2006/Laboratory/BIOPRO_D.xpt","LBDSBUSI","Blood urea nitrogen (mmol/L)"
"2005-2006","biochemistry","BIOPRO_D","D:/Dev/Bio/nhanes-pfas-albumin-mortality/Database/nhanes/2005-2006/Laboratory/BIOPRO_D.xpt","LBXSCA","Total calcium (mg/dL)"
"2005-2006","biochemistry","BIOPRO_D","D:/Dev/Bio/nhanes-pfas-albumin-mortality/Database/nhanes/2005-2006/Laboratory/BIOPRO_D.xpt","LBDSCASI","Total calcium (mmol/L)"
"2005-2006","biochemistry","BIOPRO_D","D:/Dev/Bio/nhanes-pfas-albumin-mortality/Database/nhanes/2005-2006/Laboratory/BIOPRO_D.xpt","LBXSCH","Cholesterol (mg/dL)"
"2005-2006","biochemistry","BIOPRO_D","D:/Dev/Bio/nhanes-pfas-albumin-mortality/Database/nhanes/2005-2006/Laboratory/BIOPRO_D.xpt","LBDSCHSI","Cholesterol (mmol/L)"
"2005-2006","biochemistry","BIOPRO_D","D:/Dev/Bio/nhanes-pfas-albumin-mortality/Database/nhanes/2005-2006/Laboratory/BIOPRO_D.xpt","LBXSC3SI","Bicarbonate (mmol/L)"
"2005-2006","biochemistry","BIOPRO_D","D:/Dev/Bio/nhanes-pfas-albumin-mortality/Database/nhanes/2005-2006/Laboratory/BIOPRO_D.xpt","LBXSCR","Creatinine (mg/dL)"
"2005-2006","biochemistry","BIOPRO_D","D:/Dev/Bio/nhanes-pfas-albumin-mortality/Database/nhanes/2005-2006/Laboratory/BIOPRO_D.xpt","LBDSCRSI","Creatinine (umol/L)"
"2005-2006","biochemistry","BIOPRO_D","D:/Dev/Bio/nhanes-pfas-albumin-mortality/Database/nhanes/2005-2006/Laboratory/BIOPRO_D.xpt","LBXSGTSI","Gamma glutamyl transferase (U/L)"
"2005-2006","biochemistry","BIOPRO_D","D:/Dev/Bio/nhanes-pfas-albumin-mortality/Database/nhanes/2005-2006/Laboratory/BIOPRO_D.xpt","LBXSGL","Glucose, serum (mg/dL)"
"2005-2006","biochemistry","BIOPRO_D","D:/Dev/Bio/nhanes-pfas-albumin-mortality/Database/nhanes/2005-2006/Laboratory/BIOPRO_D.xpt","LBDSGLSI","Glucose, serum (mmol/L)"
"2005-2006","biochemistry","BIOPRO_D","D:/Dev/Bio/nhanes-pfas-albumin-mortality/Database/nhanes/2005-2006/Laboratory/BIOPRO_D.xpt","LBXSIR","Iron, refigerated (ug/dL)"
"2005-2006","biochemistry","BIOPRO_D","D:/Dev/Bio/nhanes-pfas-albumin-mortality/Database/nhanes/2005-2006/Laboratory/BIOPRO_D.xpt","LBDSIRSI","Iron, refigerated (umol/L)"
"2005-2006","biochemistry","BIOPRO_D","D:/Dev/Bio/nhanes-pfas-albumin-mortality/Database/nhanes/2005-2006/Laboratory/BIOPRO_D.xpt","LBXSLDSI","Lactate dehydrogenase LDH (U/L)"
"2005-2006","biochemistry","BIOPRO_D","D:/Dev/Bio/nhanes-pfas-albumin-mortality/Database/nhanes/2005-2006/Laboratory/BIOPRO_D.xpt","LBXSPH","Phosphorus (mg/dL)"
"2005-2006","biochemistry","BIOPRO_D","D:/Dev/Bio/nhanes-pfas-albumin-mortality/Database/nhanes/2005-2006/Laboratory/BIOPRO_D.xpt","LBDSPHSI","Phosphorus (mmol/L)"
"2005-2006","biochemistry","BIOPRO_D","D:/Dev/Bio/nhanes-pfas-albumin-mortality/Database/nhanes/2005-2006/Laboratory/BIOPRO_D.xpt","LBXSTB","Total bilirubin (mg/dL)"
"2005-2006","biochemistry","BIOPRO_D","D:/Dev/Bio/nhanes-pfas-albumin-mortality/Database/nhanes/2005-2006/Laboratory/BIOPRO_D.xpt","LBDSTBSI","Bilirubin, total (umol/L)"
"2005-2006","biochemistry","BIOPRO_D","D:/Dev/Bio/nhanes-pfas-albumin-mortality/Database/nhanes/2005-2006/Laboratory/BIOPRO_D.xpt","LBXSTP","Total protein (g/dL)"
"2005-2006","biochemistry","BIOPRO_D","D:/Dev/Bio/nhanes-pfas-albumin-mortality/Database/nhanes/2005-2006/Laboratory/BIOPRO_D.xpt","LBDSTPSI","Total protein (g/L)"
"2005-2006","biochemistry","BIOPRO_D","D:/Dev/Bio/nhanes-pfas-albumin-mortality/Database/nhanes/2005-2006/Laboratory/BIOPRO_D.xpt","LBXSTR","Triglycerides (mg/dL)"
"2005-2006","biochemistry","BIOPRO_D","D:/Dev/Bio/nhanes-pfas-albumin-mortality/Database/nhanes/2005-2006/Laboratory/BIOPRO_D.xpt","LBDSTRSI","Triglycerides (mmol/L)"
"2005-2006","biochemistry","BIOPRO_D","D:/Dev/Bio/nhanes-pfas-albumin-mortality/Database/nhanes/2005-2006/Laboratory/BIOPRO_D.xpt","LBXSUA","Uric acid (mg/dL)"
"2005-2006","biochemistry","BIOPRO_D","D:/Dev/Bio/nhanes-pfas-albumin-mortality/Database/nhanes/2005-2006/Laboratory/BIOPRO_D.xpt","LBDSUASI","Uric acid (umol/L)"
"2005-2006","biochemistry","BIOPRO_D","D:/Dev/Bio/nhanes-pfas-albumin-mortality/Database/nhanes/2005-2006/Laboratory/BIOPRO_D.xpt","LBXSNASI","Sodium (mmol/L)"
"2005-2006","biochemistry","BIOPRO_D","D:/Dev/Bio/nhanes-pfas-albumin-mortality/Database/nhanes/2005-2006/Laboratory/BIOPRO_D.xpt","LBXSKSI","Potassium (mmol/L)"
"2005-2006","biochemistry","BIOPRO_D","D:/Dev/Bio/nhanes-pfas-albumin-mortality/Database/nhanes/2005-2006/Laboratory/BIOPRO_D.xpt","LBXSCLSI","Chloride (mmol/L)"
"2005-2006","biochemistry","BIOPRO_D","D:/Dev/Bio/nhanes-pfas-albumin-mortality/Database/nhanes/2005-2006/Laboratory/BIOPRO_D.xpt","LBXSOSSI","Osmolality (mmol/Kg)"
"2005-2006","biochemistry","BIOPRO_D","D:/Dev/Bio/nhanes-pfas-albumin-mortality/Database/nhanes/2005-2006/Laboratory/BIOPRO_D.xpt","LBXSGB","Globulin (g/dL)"
"2005-2006","biochemistry","BIOPRO_D","D:/Dev/Bio/nhanes-pfas-albumin-mortality/Database/nhanes/2005-2006/Laboratory/BIOPRO_D.xpt","LBDSGBSI","Globulin (g/L)"
"2005-2006","metals","PBCD_D","D:/Dev/Bio/nhanes-pfas-albumin-mortality/Database/nhanes/2005-2006/Laboratory/PBCD_D.xpt","SEQN","Respondent sequence number"
"2005-2006","metals","PBCD_D","D:/Dev/Bio/nhanes-pfas-albumin-mortality/Database/nhanes/2005-2006/Laboratory/PBCD_D.xpt","LBXBCD","Cadmium (ug/L)"
"2005-2006","metals","PBCD_D","D:/Dev/Bio/nhanes-pfas-albumin-mortality/Database/nhanes/2005-2006/Laboratory/PBCD_D.xpt","LBDBCDSI","Cadmium (nmol/L)"
"2005-2006","metals","PBCD_D","D:/Dev/Bio/nhanes-pfas-albumin-mortality/Database/nhanes/2005-2006/Laboratory/PBCD_D.xpt","LBXBPB","Lead (ug/dL)"
"2005-2006","metals","PBCD_D","D:/Dev/Bio/nhanes-pfas-albumin-mortality/Database/nhanes/2005-2006/Laboratory/PBCD_D.xpt","LBDBPBSI","Lead (umol/L)"
"2005-2006","metals","PBCD_D","D:/Dev/Bio/nhanes-pfas-albumin-mortality/Database/nhanes/2005-2006/Laboratory/PBCD_D.xpt","LBXTHG","Mercury, total (ug/L)"
"2005-2006","metals","PBCD_D","D:/Dev/Bio/nhanes-pfas-albumin-mortality/Database/nhanes/2005-2006/Laboratory/PBCD_D.xpt","LBDTHGSI","Mercury, total (umol/L )"
"2005-2006","metals","PBCD_D","D:/Dev/Bio/nhanes-pfas-albumin-mortality/Database/nhanes/2005-2006/Laboratory/PBCD_D.xpt","LBDTHGLC","Mercury, total comment code"
"2005-2006","pfas_standard","PFC_D","D:/Dev/Bio/nhanes-pfas-albumin-mortality/Database/nhanes/2005-2006/Laboratory/PFC_D.xpt","SEQN","Respondent sequence number"
"2005-2006","pfas_standard","PFC_D","D:/Dev/Bio/nhanes-pfas-albumin-mortality/Database/nhanes/2005-2006/Laboratory/PFC_D.xpt","WTSA2YR","Two-year MEC weights of subsample A"
"2005-2006","pfas_standard","PFC_D","D:/Dev/Bio/nhanes-pfas-albumin-mortality/Database/nhanes/2005-2006/Laboratory/PFC_D.xpt","LBXPFOA","Perfluorooctanoic acid"
"2005-2006","pfas_standard","PFC_D","D:/Dev/Bio/nhanes-pfas-albumin-mortality/Database/nhanes/2005-2006/Laboratory/PFC_D.xpt","LBDPFOAL","Perfluorooctanoic acid comment"
"2005-2006","pfas_standard","PFC_D","D:/Dev/Bio/nhanes-pfas-albumin-mortality/Database/nhanes/2005-2006/Laboratory/PFC_D.xpt","LBXPFOS","Perfluorooctane sulfonic acid"
"2005-2006","pfas_standard","PFC_D","D:/Dev/Bio/nhanes-pfas-albumin-mortality/Database/nhanes/2005-2006/Laboratory/PFC_D.xpt","LBDPFOSL","Perfluorooctane sulfonic acid comment"
"2005-2006","pfas_standard","PFC_D","D:/Dev/Bio/nhanes-pfas-albumin-mortality/Database/nhanes/2005-2006/Laboratory/PFC_D.xpt","LBXPFHS","Perfluorohexane sulfonic acid"
"2005-2006","pfas_standard","PFC_D","D:/Dev/Bio/nhanes-pfas-albumin-mortality/Database/nhanes/2005-2006/Laboratory/PFC_D.xpt","LBDPFHSL","Perfluorohexane sulfonic acid comment"
"2005-2006","pfas_standard","PFC_D","D:/Dev/Bio/nhanes-pfas-albumin-mortality/Database/nhanes/2005-2006/Laboratory/PFC_D.xpt","LBXEPAH","2-(N-ethyl-PFOSA) acetate"
"2005-2006","pfas_standard","PFC_D","D:/Dev/Bio/nhanes-pfas-albumin-mortality/Database/nhanes/2005-2006/Laboratory/PFC_D.xpt","LBDEPAHL","2-(N-ethyl-PFOSA) acetate comment"
"2005-2006","pfas_standard","PFC_D","D:/Dev/Bio/nhanes-pfas-albumin-mortality/Database/nhanes/2005-2006/Laboratory/PFC_D.xpt","LBXMPAH","2-(N-methyl-PFOSA) acetate"
"2005-2006","pfas_standard","PFC_D","D:/Dev/Bio/nhanes-pfas-albumin-mortality/Database/nhanes/2005-2006/Laboratory/PFC_D.xpt","LBDMPAHL","2-(N-methyl-PFOSA) acetate comment"
"2005-2006","pfas_standard","PFC_D","D:/Dev/Bio/nhanes-pfas-albumin-mortality/Database/nhanes/2005-2006/Laboratory/PFC_D.xpt","LBXPFDE","Perfluorodecanoic acid"
"2005-2006","pfas_standard","PFC_D","D:/Dev/Bio/nhanes-pfas-albumin-mortality/Database/nhanes/2005-2006/Laboratory/PFC_D.xpt","LBDPFDEL","Perfluorodecanoic acid comment"
"2005-2006","pfas_standard","PFC_D","D:/Dev/Bio/nhanes-pfas-albumin-mortality/Database/nhanes/2005-2006/Laboratory/PFC_D.xpt","LBXPFBS","Perfluorobutane sulfonic acid"
"2005-2006","pfas_standard","PFC_D","D:/Dev/Bio/nhanes-pfas-albumin-mortality/Database/nhanes/2005-2006/Laboratory/PFC_D.xpt","LBDPFBSL","Perfluorobutane sulfonic acid comment"
"2005-2006","pfas_standard","PFC_D","D:/Dev/Bio/nhanes-pfas-albumin-mortality/Database/nhanes/2005-2006/Laboratory/PFC_D.xpt","LBXPFHP","Perfluoroheptanoic acid"
"2005-2006","pfas_standard","PFC_D","D:/Dev/Bio/nhanes-pfas-albumin-mortality/Database/nhanes/2005-2006/Laboratory/PFC_D.xpt","LBDPFHPL","Perfluoroheptanoic acid comment"
"2005-2006","pfas_standard","PFC_D","D:/Dev/Bio/nhanes-pfas-albumin-mortality/Database/nhanes/2005-2006/Laboratory/PFC_D.xpt","LBXPFNA","Perfluorononanoic acid"
"2005-2006","pfas_standard","PFC_D","D:/Dev/Bio/nhanes-pfas-albumin-mortality/Database/nhanes/2005-2006/Laboratory/PFC_D.xpt","LBDPFNAL","Perfluorononanoic acid comment"
"2005-2006","pfas_standard","PFC_D","D:/Dev/Bio/nhanes-pfas-albumin-mortality/Database/nhanes/2005-2006/Laboratory/PFC_D.xpt","LBXPFSA","Perfluorooctane sulfonamide"
"2005-2006","pfas_standard","PFC_D","D:/Dev/Bio/nhanes-pfas-albumin-mortality/Database/nhanes/2005-2006/Laboratory/PFC_D.xpt","LBDPFSAL","Perfluorooctane sulfonamide comment"
"2005-2006","pfas_standard","PFC_D","D:/Dev/Bio/nhanes-pfas-albumin-mortality/Database/nhanes/2005-2006/Laboratory/PFC_D.xpt","LBXPFUA","Perfluoroundecanoic acid"
"2005-2006","pfas_standard","PFC_D","D:/Dev/Bio/nhanes-pfas-albumin-mortality/Database/nhanes/2005-2006/Laboratory/PFC_D.xpt","LBDPFUAL","Perfluoroundecanoic acid comment"
"2005-2006","pfas_standard","PFC_D","D:/Dev/Bio/nhanes-pfas-albumin-mortality/Database/nhanes/2005-2006/Laboratory/PFC_D.xpt","LBXPFDO","Perfluorododecanoic acid"
"2005-2006","pfas_standard","PFC_D","D:/Dev/Bio/nhanes-pfas-albumin-mortality/Database/nhanes/2005-2006/Laboratory/PFC_D.xpt","LBDPFDOL","Perfluorododecanoic acid comment"
"2007-2008","demo","DEMO_E","D:/Dev/Bio/nhanes-pfas-albumin-mortality/Database/nhanes/2007-2008/Demographics/DEMO_E.xpt","SEQN","Respondent sequence number"
"2007-2008","demo","DEMO_E","D:/Dev/Bio/nhanes-pfas-albumin-mortality/Database/nhanes/2007-2008/Demographics/DEMO_E.xpt","SDDSRVYR","Data Release Number"
"2007-2008","demo","DEMO_E","D:/Dev/Bio/nhanes-pfas-albumin-mortality/Database/nhanes/2007-2008/Demographics/DEMO_E.xpt","RIDSTATR","Interview/Examination Status"
"2007-2008","demo","DEMO_E","D:/Dev/Bio/nhanes-pfas-albumin-mortality/Database/nhanes/2007-2008/Demographics/DEMO_E.xpt","RIDEXMON","Six month time period"
"2007-2008","demo","DEMO_E","D:/Dev/Bio/nhanes-pfas-albumin-mortality/Database/nhanes/2007-2008/Demographics/DEMO_E.xpt","RIAGENDR","Gender"
"2007-2008","demo","DEMO_E","D:/Dev/Bio/nhanes-pfas-albumin-mortality/Database/nhanes/2007-2008/Demographics/DEMO_E.xpt","RIDAGEYR","Age at Screening Adjudicated - Recode"
"2007-2008","demo","DEMO_E","D:/Dev/Bio/nhanes-pfas-albumin-mortality/Database/nhanes/2007-2008/Demographics/DEMO_E.xpt","RIDAGEMN","Age in Months at Screening - Recode"
"2007-2008","demo","DEMO_E","D:/Dev/Bio/nhanes-pfas-albumin-mortality/Database/nhanes/2007-2008/Demographics/DEMO_E.xpt","RIDAGEEX","Age in Months at Exam - Recode"
"2007-2008","demo","DEMO_E","D:/Dev/Bio/nhanes-pfas-albumin-mortality/Database/nhanes/2007-2008/Demographics/DEMO_E.xpt","RIDRETH1","Race/Ethnicity - Recode"
"2007-2008","demo","DEMO_E","D:/Dev/Bio/nhanes-pfas-albumin-mortality/Database/nhanes/2007-2008/Demographics/DEMO_E.xpt","DMQMILIT","Served in the US Armed Forces"
"2007-2008","demo","DEMO_E","D:/Dev/Bio/nhanes-pfas-albumin-mortality/Database/nhanes/2007-2008/Demographics/DEMO_E.xpt","DMDBORN2","Country of Birth - Recode"
"2007-2008","demo","DEMO_E","D:/Dev/Bio/nhanes-pfas-albumin-mortality/Database/nhanes/2007-2008/Demographics/DEMO_E.xpt","DMDCITZN","Citizenship Status"
"2007-2008","demo","DEMO_E","D:/Dev/Bio/nhanes-pfas-albumin-mortality/Database/nhanes/2007-2008/Demographics/DEMO_E.xpt","DMDYRSUS","Length of time in US"
"2007-2008","demo","DEMO_E","D:/Dev/Bio/nhanes-pfas-albumin-mortality/Database/nhanes/2007-2008/Demographics/DEMO_E.xpt","DMDEDUC3","Education Level - Children/Youth 6-19"
"2007-2008","demo","DEMO_E","D:/Dev/Bio/nhanes-pfas-albumin-mortality/Database/nhanes/2007-2008/Demographics/DEMO_E.xpt","DMDEDUC2","Education Level - Adults 20+"
"2007-2008","demo","DEMO_E","D:/Dev/Bio/nhanes-pfas-albumin-mortality/Database/nhanes/2007-2008/Demographics/DEMO_E.xpt","DMDSCHOL","Now attending school?"
"2007-2008","demo","DEMO_E","D:/Dev/Bio/nhanes-pfas-albumin-mortality/Database/nhanes/2007-2008/Demographics/DEMO_E.xpt","DMDMARTL","Marital Status"
"2007-2008","demo","DEMO_E","D:/Dev/Bio/nhanes-pfas-albumin-mortality/Database/nhanes/2007-2008/Demographics/DEMO_E.xpt","DMDHHSIZ","Total number of people in the Household"
"2007-2008","demo","DEMO_E","D:/Dev/Bio/nhanes-pfas-albumin-mortality/Database/nhanes/2007-2008/Demographics/DEMO_E.xpt","DMDFMSIZ","Total number of people in the Family"
"2007-2008","demo","DEMO_E","D:/Dev/Bio/nhanes-pfas-albumin-mortality/Database/nhanes/2007-2008/Demographics/DEMO_E.xpt","INDHHIN2","Annual Household Income"
"2007-2008","demo","DEMO_E","D:/Dev/Bio/nhanes-pfas-albumin-mortality/Database/nhanes/2007-2008/Demographics/DEMO_E.xpt","INDFMIN2","Annual Family Income"
"2007-2008","demo","DEMO_E","D:/Dev/Bio/nhanes-pfas-albumin-mortality/Database/nhanes/2007-2008/Demographics/DEMO_E.xpt","INDFMPIR","Ratio of family income to poverty"
"2007-2008","demo","DEMO_E","D:/Dev/Bio/nhanes-pfas-albumin-mortality/Database/nhanes/2007-2008/Demographics/DEMO_E.xpt","RIDEXPRG","Pregnancy Status at Exam - Recode"
"2007-2008","demo","DEMO_E","D:/Dev/Bio/nhanes-pfas-albumin-mortality/Database/nhanes/2007-2008/Demographics/DEMO_E.xpt","DMDHRGND","HH Ref Person Gender"
"2007-2008","demo","DEMO_E","D:/Dev/Bio/nhanes-pfas-albumin-mortality/Database/nhanes/2007-2008/Demographics/DEMO_E.xpt","DMDHRAGE","HH Ref Person Age"
"2007-2008","demo","DEMO_E","D:/Dev/Bio/nhanes-pfas-albumin-mortality/Database/nhanes/2007-2008/Demographics/DEMO_E.xpt","DMDHRBR2","HH Ref Person Country of Birth"
"2007-2008","demo","DEMO_E","D:/Dev/Bio/nhanes-pfas-albumin-mortality/Database/nhanes/2007-2008/Demographics/DEMO_E.xpt","DMDHREDU","HH Ref Person Education Level"
"2007-2008","demo","DEMO_E","D:/Dev/Bio/nhanes-pfas-albumin-mortality/Database/nhanes/2007-2008/Demographics/DEMO_E.xpt","DMDHRMAR","HH Ref Person Marital Status"
"2007-2008","demo","DEMO_E","D:/Dev/Bio/nhanes-pfas-albumin-mortality/Database/nhanes/2007-2008/Demographics/DEMO_E.xpt","DMDHSEDU","HH Ref Person's Spouse Education Level"
"2007-2008","demo","DEMO_E","D:/Dev/Bio/nhanes-pfas-albumin-mortality/Database/nhanes/2007-2008/Demographics/DEMO_E.xpt","SIALANG","Language of SP Interview"
"2007-2008","demo","DEMO_E","D:/Dev/Bio/nhanes-pfas-albumin-mortality/Database/nhanes/2007-2008/Demographics/DEMO_E.xpt","SIAPROXY","Proxy used in SP Interview?"
"2007-2008","demo","DEMO_E","D:/Dev/Bio/nhanes-pfas-albumin-mortality/Database/nhanes/2007-2008/Demographics/DEMO_E.xpt","SIAINTRP","Interpreter used in SP Interview?"
"2007-2008","demo","DEMO_E","D:/Dev/Bio/nhanes-pfas-albumin-mortality/Database/nhanes/2007-2008/Demographics/DEMO_E.xpt","FIALANG","Language of Family Interview"
"2007-2008","demo","DEMO_E","D:/Dev/Bio/nhanes-pfas-albumin-mortality/Database/nhanes/2007-2008/Demographics/DEMO_E.xpt","FIAPROXY","Proxy used in Family Interview?"
"2007-2008","demo","DEMO_E","D:/Dev/Bio/nhanes-pfas-albumin-mortality/Database/nhanes/2007-2008/Demographics/DEMO_E.xpt","FIAINTRP","Interpreter used in Family Interview?"
"2007-2008","demo","DEMO_E","D:/Dev/Bio/nhanes-pfas-albumin-mortality/Database/nhanes/2007-2008/Demographics/DEMO_E.xpt","MIALANG","Language of MEC Interview"
"2007-2008","demo","DEMO_E","D:/Dev/Bio/nhanes-pfas-albumin-mortality/Database/nhanes/2007-2008/Demographics/DEMO_E.xpt","MIAPROXY","Proxy used in MEC Interview?"
"2007-2008","demo","DEMO_E","D:/Dev/Bio/nhanes-pfas-albumin-mortality/Database/nhanes/2007-2008/Demographics/DEMO_E.xpt","MIAINTRP","Interpreter used in MEC Interview?"
"2007-2008","demo","DEMO_E","D:/Dev/Bio/nhanes-pfas-albumin-mortality/Database/nhanes/2007-2008/Demographics/DEMO_E.xpt","AIALANG","Language of ACASI Interview"
"2007-2008","demo","DEMO_E","D:/Dev/Bio/nhanes-pfas-albumin-mortality/Database/nhanes/2007-2008/Demographics/DEMO_E.xpt","WTINT2YR","Full Sample 2 Year Interview Weight"
"2007-2008","demo","DEMO_E","D:/Dev/Bio/nhanes-pfas-albumin-mortality/Database/nhanes/2007-2008/Demographics/DEMO_E.xpt","WTMEC2YR","Full Sample 2 Year MEC Exam Weight"
"2007-2008","demo","DEMO_E","D:/Dev/Bio/nhanes-pfas-albumin-mortality/Database/nhanes/2007-2008/Demographics/DEMO_E.xpt","SDMVPSU","Masked Variance Pseudo-PSU"
"2007-2008","demo","DEMO_E","D:/Dev/Bio/nhanes-pfas-albumin-mortality/Database/nhanes/2007-2008/Demographics/DEMO_E.xpt","SDMVSTRA","Masked Variance Pseudo-Stratum"
"2007-2008","biochemistry","BIOPRO_E","D:/Dev/Bio/nhanes-pfas-albumin-mortality/Database/nhanes/2007-2008/Laboratory/BIOPRO_E.xpt","SEQN","Respondent sequence number"
"2007-2008","biochemistry","BIOPRO_E","D:/Dev/Bio/nhanes-pfas-albumin-mortality/Database/nhanes/2007-2008/Laboratory/BIOPRO_E.xpt","LBXSAL","Albumin (g/dL)"
"2007-2008","biochemistry","BIOPRO_E","D:/Dev/Bio/nhanes-pfas-albumin-mortality/Database/nhanes/2007-2008/Laboratory/BIOPRO_E.xpt","LBDSALSI","Albumin (g/L)"
"2007-2008","biochemistry","BIOPRO_E","D:/Dev/Bio/nhanes-pfas-albumin-mortality/Database/nhanes/2007-2008/Laboratory/BIOPRO_E.xpt","LBXSATSI","Alanine aminotransferase (ALT) (U/L)"
"2007-2008","biochemistry","BIOPRO_E","D:/Dev/Bio/nhanes-pfas-albumin-mortality/Database/nhanes/2007-2008/Laboratory/BIOPRO_E.xpt","LBXSASSI","Asparate aminotransferase (AST) (U/L)"
"2007-2008","biochemistry","BIOPRO_E","D:/Dev/Bio/nhanes-pfas-albumin-mortality/Database/nhanes/2007-2008/Laboratory/BIOPRO_E.xpt","LBXSAPSI","Alkaline phosphotase (U/L)"
"2007-2008","biochemistry","BIOPRO_E","D:/Dev/Bio/nhanes-pfas-albumin-mortality/Database/nhanes/2007-2008/Laboratory/BIOPRO_E.xpt","LBXSBU","Blood urea nitrogen (mg/dL)"
"2007-2008","biochemistry","BIOPRO_E","D:/Dev/Bio/nhanes-pfas-albumin-mortality/Database/nhanes/2007-2008/Laboratory/BIOPRO_E.xpt","LBDSBUSI","Blood urea nitrogen (mmol/L)"
"2007-2008","biochemistry","BIOPRO_E","D:/Dev/Bio/nhanes-pfas-albumin-mortality/Database/nhanes/2007-2008/Laboratory/BIOPRO_E.xpt","LBXSCA","Total calcium (mg/dL)"
"2007-2008","biochemistry","BIOPRO_E","D:/Dev/Bio/nhanes-pfas-albumin-mortality/Database/nhanes/2007-2008/Laboratory/BIOPRO_E.xpt","LBDSCASI","Total calcium (mmol/L)"
"2007-2008","biochemistry","BIOPRO_E","D:/Dev/Bio/nhanes-pfas-albumin-mortality/Database/nhanes/2007-2008/Laboratory/BIOPRO_E.xpt","LBXSCH","Cholesterol (mg/dL)"
"2007-2008","biochemistry","BIOPRO_E","D:/Dev/Bio/nhanes-pfas-albumin-mortality/Database/nhanes/2007-2008/Laboratory/BIOPRO_E.xpt","LBDSCHSI","Cholesterol (mmol/L)"
"2007-2008","biochemistry","BIOPRO_E","D:/Dev/Bio/nhanes-pfas-albumin-mortality/Database/nhanes/2007-2008/Laboratory/BIOPRO_E.xpt","LBXSC3SI","Bicarbonate (mmol/L)"
"2007-2008","biochemistry","BIOPRO_E","D:/Dev/Bio/nhanes-pfas-albumin-mortality/Database/nhanes/2007-2008/Laboratory/BIOPRO_E.xpt","LBXSCR","Creatinine (mg/dL)"
"2007-2008","biochemistry","BIOPRO_E","D:/Dev/Bio/nhanes-pfas-albumin-mortality/Database/nhanes/2007-2008/Laboratory/BIOPRO_E.xpt","LBDSCRSI","Creatinine (µmol/L)"
"2007-2008","biochemistry","BIOPRO_E","D:/Dev/Bio/nhanes-pfas-albumin-mortality/Database/nhanes/2007-2008/Laboratory/BIOPRO_E.xpt","LBXSGTSI","Gamma glutamyl transferase (U/L)"
"2007-2008","biochemistry","BIOPRO_E","D:/Dev/Bio/nhanes-pfas-albumin-mortality/Database/nhanes/2007-2008/Laboratory/BIOPRO_E.xpt","LBXSGL","Glucose, serum (mg/dL)"
"2007-2008","biochemistry","BIOPRO_E","D:/Dev/Bio/nhanes-pfas-albumin-mortality/Database/nhanes/2007-2008/Laboratory/BIOPRO_E.xpt","LBDSGLSI","Glucose, serum (mmol/L)"
"2007-2008","biochemistry","BIOPRO_E","D:/Dev/Bio/nhanes-pfas-albumin-mortality/Database/nhanes/2007-2008/Laboratory/BIOPRO_E.xpt","LBXSIR","Iron, refigerated (ug/dL)"
"2007-2008","biochemistry","BIOPRO_E","D:/Dev/Bio/nhanes-pfas-albumin-mortality/Database/nhanes/2007-2008/Laboratory/BIOPRO_E.xpt","LBDSIRSI","Iron, refigerated (umol/L)"
"2007-2008","biochemistry","BIOPRO_E","D:/Dev/Bio/nhanes-pfas-albumin-mortality/Database/nhanes/2007-2008/Laboratory/BIOPRO_E.xpt","LBXSLDSI","Lactate dehydrogenase LDH (U/L)"
"2007-2008","biochemistry","BIOPRO_E","D:/Dev/Bio/nhanes-pfas-albumin-mortality/Database/nhanes/2007-2008/Laboratory/BIOPRO_E.xpt","LBXSPH","Phosphorus (mg/dL)"
"2007-2008","biochemistry","BIOPRO_E","D:/Dev/Bio/nhanes-pfas-albumin-mortality/Database/nhanes/2007-2008/Laboratory/BIOPRO_E.xpt","LBDSPHSI","Phosphorus (mmol/L)"
"2007-2008","biochemistry","BIOPRO_E","D:/Dev/Bio/nhanes-pfas-albumin-mortality/Database/nhanes/2007-2008/Laboratory/BIOPRO_E.xpt","LBXSTB","Total bilirubin (mg/dL)"
"2007-2008","biochemistry","BIOPRO_E","D:/Dev/Bio/nhanes-pfas-albumin-mortality/Database/nhanes/2007-2008/Laboratory/BIOPRO_E.xpt","LBDSTBSI","Bilirubin, total (umol/L)"
"2007-2008","biochemistry","BIOPRO_E","D:/Dev/Bio/nhanes-pfas-albumin-mortality/Database/nhanes/2007-2008/Laboratory/BIOPRO_E.xpt","LBXSTP","Total protein (g/dL)"
"2007-2008","biochemistry","BIOPRO_E","D:/Dev/Bio/nhanes-pfas-albumin-mortality/Database/nhanes/2007-2008/Laboratory/BIOPRO_E.xpt","LBDSTPSI","Total protein (g/L)"
"2007-2008","biochemistry","BIOPRO_E","D:/Dev/Bio/nhanes-pfas-albumin-mortality/Database/nhanes/2007-2008/Laboratory/BIOPRO_E.xpt","LBXSTR","Triglycerides (mg/dL)"
"2007-2008","biochemistry","BIOPRO_E","D:/Dev/Bio/nhanes-pfas-albumin-mortality/Database/nhanes/2007-2008/Laboratory/BIOPRO_E.xpt","LBDSTRSI","Triglycerides (mmol/L)"
"2007-2008","biochemistry","BIOPRO_E","D:/Dev/Bio/nhanes-pfas-albumin-mortality/Database/nhanes/2007-2008/Laboratory/BIOPRO_E.xpt","LBXSUA","Uric acid (mg/dL)"
"2007-2008","biochemistry","BIOPRO_E","D:/Dev/Bio/nhanes-pfas-albumin-mortality/Database/nhanes/2007-2008/Laboratory/BIOPRO_E.xpt","LBDSUASI","Uric acid (umol/L)"
"2007-2008","biochemistry","BIOPRO_E","D:/Dev/Bio/nhanes-pfas-albumin-mortality/Database/nhanes/2007-2008/Laboratory/BIOPRO_E.xpt","LBXSNASI","Sodium (mmol/L)"
"2007-2008","biochemistry","BIOPRO_E","D:/Dev/Bio/nhanes-pfas-albumin-mortality/Database/nhanes/2007-2008/Laboratory/BIOPRO_E.xpt","LBXSKSI","Potassium (mmol/L)"
"2007-2008","biochemistry","BIOPRO_E","D:/Dev/Bio/nhanes-pfas-albumin-mortality/Database/nhanes/2007-2008/Laboratory/BIOPRO_E.xpt","LBXSCLSI","Chloride (mmol/L)"
"2007-2008","biochemistry","BIOPRO_E","D:/Dev/Bio/nhanes-pfas-albumin-mortality/Database/nhanes/2007-2008/Laboratory/BIOPRO_E.xpt","LBXSOSSI","Osmolality (mmol/Kg)"
"2007-2008","biochemistry","BIOPRO_E","D:/Dev/Bio/nhanes-pfas-albumin-mortality/Database/nhanes/2007-2008/Laboratory/BIOPRO_E.xpt","LBXSGB","Globulin (g/dL)"
"2007-2008","biochemistry","BIOPRO_E","D:/Dev/Bio/nhanes-pfas-albumin-mortality/Database/nhanes/2007-2008/Laboratory/BIOPRO_E.xpt","LBDSGBSI","Globulin (g/L)"
"2007-2008","metals","PBCD_E","D:/Dev/Bio/nhanes-pfas-albumin-mortality/Database/nhanes/2007-2008/Laboratory/PBCD_E.xpt","SEQN","Respondent sequence number"
"2007-2008","metals","PBCD_E","D:/Dev/Bio/nhanes-pfas-albumin-mortality/Database/nhanes/2007-2008/Laboratory/PBCD_E.xpt","LBXBCD","Blood cadmium (ug/L)"
"2007-2008","metals","PBCD_E","D:/Dev/Bio/nhanes-pfas-albumin-mortality/Database/nhanes/2007-2008/Laboratory/PBCD_E.xpt","LBDBCDSI","Blood cadmium (nmol/L)"
"2007-2008","metals","PBCD_E","D:/Dev/Bio/nhanes-pfas-albumin-mortality/Database/nhanes/2007-2008/Laboratory/PBCD_E.xpt","LBXBPB","Blood lead (ug/dL)"
"2007-2008","metals","PBCD_E","D:/Dev/Bio/nhanes-pfas-albumin-mortality/Database/nhanes/2007-2008/Laboratory/PBCD_E.xpt","LBDBPBSI","Blood lead (umol/L)"
"2007-2008","metals","PBCD_E","D:/Dev/Bio/nhanes-pfas-albumin-mortality/Database/nhanes/2007-2008/Laboratory/PBCD_E.xpt","LBXTHG","Mercury, total (ug/L)"
"2007-2008","metals","PBCD_E","D:/Dev/Bio/nhanes-pfas-albumin-mortality/Database/nhanes/2007-2008/Laboratory/PBCD_E.xpt","LBDTHGSI","Mercury, total (umol/L)"
"2007-2008","metals","PBCD_E","D:/Dev/Bio/nhanes-pfas-albumin-mortality/Database/nhanes/2007-2008/Laboratory/PBCD_E.xpt","LBDTHGLC","Mercury, total comment code"
"2007-2008","pfas_standard","PFC_E","D:/Dev/Bio/nhanes-pfas-albumin-mortality/Database/nhanes/2007-2008/Laboratory/PFC_E.xpt","SEQN","Respondent sequence number"
"2007-2008","pfas_standard","PFC_E","D:/Dev/Bio/nhanes-pfas-albumin-mortality/Database/nhanes/2007-2008/Laboratory/PFC_E.xpt","WTSC2YR","Two-year MEC weights of subsample C"
"2007-2008","pfas_standard","PFC_E","D:/Dev/Bio/nhanes-pfas-albumin-mortality/Database/nhanes/2007-2008/Laboratory/PFC_E.xpt","LBXEPAH","2-(N-ethyl-PFOSA) acetate"
"2007-2008","pfas_standard","PFC_E","D:/Dev/Bio/nhanes-pfas-albumin-mortality/Database/nhanes/2007-2008/Laboratory/PFC_E.xpt","LBDEPAHL","2-(N-ethyl-PFOSA) acetate comment"
"2007-2008","pfas_standard","PFC_E","D:/Dev/Bio/nhanes-pfas-albumin-mortality/Database/nhanes/2007-2008/Laboratory/PFC_E.xpt","LBXPFDE","Perfluorodecanoic acid"
"2007-2008","pfas_standard","PFC_E","D:/Dev/Bio/nhanes-pfas-albumin-mortality/Database/nhanes/2007-2008/Laboratory/PFC_E.xpt","LBDPFDEL","Perfluorodecanoic acid comment"
"2007-2008","pfas_standard","PFC_E","D:/Dev/Bio/nhanes-pfas-albumin-mortality/Database/nhanes/2007-2008/Laboratory/PFC_E.xpt","LBXPFOA","Perfluorooctanoic acid"
"2007-2008","pfas_standard","PFC_E","D:/Dev/Bio/nhanes-pfas-albumin-mortality/Database/nhanes/2007-2008/Laboratory/PFC_E.xpt","LBDPFOAL","Perfluorooctanoic acid comment"
"2007-2008","pfas_standard","PFC_E","D:/Dev/Bio/nhanes-pfas-albumin-mortality/Database/nhanes/2007-2008/Laboratory/PFC_E.xpt","LBXPFOS","Perfluorooctane sulfonic acid"
"2007-2008","pfas_standard","PFC_E","D:/Dev/Bio/nhanes-pfas-albumin-mortality/Database/nhanes/2007-2008/Laboratory/PFC_E.xpt","LBDPFOSL","Perfluorooctane sulfonic acid comment"
"2007-2008","pfas_standard","PFC_E","D:/Dev/Bio/nhanes-pfas-albumin-mortality/Database/nhanes/2007-2008/Laboratory/PFC_E.xpt","LBXPFHS","Perfluorohexane sulfonic acid"
"2007-2008","pfas_standard","PFC_E","D:/Dev/Bio/nhanes-pfas-albumin-mortality/Database/nhanes/2007-2008/Laboratory/PFC_E.xpt","LBDPFHSL","Perfluorohexane sulfonic acid comment"
"2007-2008","pfas_standard","PFC_E","D:/Dev/Bio/nhanes-pfas-albumin-mortality/Database/nhanes/2007-2008/Laboratory/PFC_E.xpt","LBXMPAH","2-(N-methyl-PFOSA) acetate"
"2007-2008","pfas_standard","PFC_E","D:/Dev/Bio/nhanes-pfas-albumin-mortality/Database/nhanes/2007-2008/Laboratory/PFC_E.xpt","LBDMPAHL","2-(N-methyl-PFOSA) acetate comment"
"2007-2008","pfas_standard","PFC_E","D:/Dev/Bio/nhanes-pfas-albumin-mortality/Database/nhanes/2007-2008/Laboratory/PFC_E.xpt","LBXPFBS","Perfluorobutane sulfonic acid"
"2007-2008","pfas_standard","PFC_E","D:/Dev/Bio/nhanes-pfas-albumin-mortality/Database/nhanes/2007-2008/Laboratory/PFC_E.xpt","LBDPFBSL","Perfluorobutane sulfonic acid comment"
"2007-2008","pfas_standard","PFC_E","D:/Dev/Bio/nhanes-pfas-albumin-mortality/Database/nhanes/2007-2008/Laboratory/PFC_E.xpt","LBXPFHP","Perfluoroheptanoic acid"
"2007-2008","pfas_standard","PFC_E","D:/Dev/Bio/nhanes-pfas-albumin-mortality/Database/nhanes/2007-2008/Laboratory/PFC_E.xpt","LBDPFHPL","Perfluoroheptanoic acid comment"
"2007-2008","pfas_standard","PFC_E","D:/Dev/Bio/nhanes-pfas-albumin-mortality/Database/nhanes/2007-2008/Laboratory/PFC_E.xpt","LBXPFNA","Perfluorononanoic acid"
"2007-2008","pfas_standard","PFC_E","D:/Dev/Bio/nhanes-pfas-albumin-mortality/Database/nhanes/2007-2008/Laboratory/PFC_E.xpt","LBDPFNAL","Perfluorononanoic acid comment"
"2007-2008","pfas_standard","PFC_E","D:/Dev/Bio/nhanes-pfas-albumin-mortality/Database/nhanes/2007-2008/Laboratory/PFC_E.xpt","LBXPFSA","Perfluorooctane sulfonamide"
"2007-2008","pfas_standard","PFC_E","D:/Dev/Bio/nhanes-pfas-albumin-mortality/Database/nhanes/2007-2008/Laboratory/PFC_E.xpt","LBDPFSAL","Perfluorooctane sulfonamide comment"
"2007-2008","pfas_standard","PFC_E","D:/Dev/Bio/nhanes-pfas-albumin-mortality/Database/nhanes/2007-2008/Laboratory/PFC_E.xpt","LBXPFUA","Perfluoroundecanoic acid"
"2007-2008","pfas_standard","PFC_E","D:/Dev/Bio/nhanes-pfas-albumin-mortality/Database/nhanes/2007-2008/Laboratory/PFC_E.xpt","LBDPFUAL","Perfluoroundecanoic acid comment"
"2007-2008","pfas_standard","PFC_E","D:/Dev/Bio/nhanes-pfas-albumin-mortality/Database/nhanes/2007-2008/Laboratory/PFC_E.xpt","LBXPFDO","Perfluorododecanoic acid"
"2007-2008","pfas_standard","PFC_E","D:/Dev/Bio/nhanes-pfas-albumin-mortality/Database/nhanes/2007-2008/Laboratory/PFC_E.xpt","LBDPFDOL","Perfluorododecanoic acid comment"
"2009-2010","demo","DEMO_F","D:/Dev/Bio/nhanes-pfas-albumin-mortality/Database/nhanes/2009-2010/Demographics/DEMO_F.xpt","SEQN","Respondent sequence number"
"2009-2010","demo","DEMO_F","D:/Dev/Bio/nhanes-pfas-albumin-mortality/Database/nhanes/2009-2010/Demographics/DEMO_F.xpt","SDDSRVYR","Data Release Number"
"2009-2010","demo","DEMO_F","D:/Dev/Bio/nhanes-pfas-albumin-mortality/Database/nhanes/2009-2010/Demographics/DEMO_F.xpt","RIDSTATR","Interview/Examination Status"
"2009-2010","demo","DEMO_F","D:/Dev/Bio/nhanes-pfas-albumin-mortality/Database/nhanes/2009-2010/Demographics/DEMO_F.xpt","RIDEXMON","Six month time period"
"2009-2010","demo","DEMO_F","D:/Dev/Bio/nhanes-pfas-albumin-mortality/Database/nhanes/2009-2010/Demographics/DEMO_F.xpt","RIAGENDR","Gender"
"2009-2010","demo","DEMO_F","D:/Dev/Bio/nhanes-pfas-albumin-mortality/Database/nhanes/2009-2010/Demographics/DEMO_F.xpt","RIDAGEYR","Age at Screening Adjudicated - Recode"
"2009-2010","demo","DEMO_F","D:/Dev/Bio/nhanes-pfas-albumin-mortality/Database/nhanes/2009-2010/Demographics/DEMO_F.xpt","RIDAGEMN","Age in Months at Screening - Recode"
"2009-2010","demo","DEMO_F","D:/Dev/Bio/nhanes-pfas-albumin-mortality/Database/nhanes/2009-2010/Demographics/DEMO_F.xpt","RIDAGEEX","Age in Months at Exam - Recode"
"2009-2010","demo","DEMO_F","D:/Dev/Bio/nhanes-pfas-albumin-mortality/Database/nhanes/2009-2010/Demographics/DEMO_F.xpt","RIDRETH1","Race/Ethnicity - Recode"
"2009-2010","demo","DEMO_F","D:/Dev/Bio/nhanes-pfas-albumin-mortality/Database/nhanes/2009-2010/Demographics/DEMO_F.xpt","DMQMILIT","Served in the US Armed Forces"
"2009-2010","demo","DEMO_F","D:/Dev/Bio/nhanes-pfas-albumin-mortality/Database/nhanes/2009-2010/Demographics/DEMO_F.xpt","DMDBORN2","Country of Birth - Recode"
"2009-2010","demo","DEMO_F","D:/Dev/Bio/nhanes-pfas-albumin-mortality/Database/nhanes/2009-2010/Demographics/DEMO_F.xpt","DMDCITZN","Citizenship Status"
"2009-2010","demo","DEMO_F","D:/Dev/Bio/nhanes-pfas-albumin-mortality/Database/nhanes/2009-2010/Demographics/DEMO_F.xpt","DMDYRSUS","Length of time in US"
"2009-2010","demo","DEMO_F","D:/Dev/Bio/nhanes-pfas-albumin-mortality/Database/nhanes/2009-2010/Demographics/DEMO_F.xpt","DMDEDUC3","Education Level - Children/Youth 6-19"
"2009-2010","demo","DEMO_F","D:/Dev/Bio/nhanes-pfas-albumin-mortality/Database/nhanes/2009-2010/Demographics/DEMO_F.xpt","DMDEDUC2","Education Level - Adults 20+"
"2009-2010","demo","DEMO_F","D:/Dev/Bio/nhanes-pfas-albumin-mortality/Database/nhanes/2009-2010/Demographics/DEMO_F.xpt","DMDSCHOL","Now attending school?"
"2009-2010","demo","DEMO_F","D:/Dev/Bio/nhanes-pfas-albumin-mortality/Database/nhanes/2009-2010/Demographics/DEMO_F.xpt","DMDMARTL","Marital Status"
"2009-2010","demo","DEMO_F","D:/Dev/Bio/nhanes-pfas-albumin-mortality/Database/nhanes/2009-2010/Demographics/DEMO_F.xpt","DMDHHSIZ","Total number of people in the Household"
"2009-2010","demo","DEMO_F","D:/Dev/Bio/nhanes-pfas-albumin-mortality/Database/nhanes/2009-2010/Demographics/DEMO_F.xpt","DMDFMSIZ","Total number of people in the Family"
"2009-2010","demo","DEMO_F","D:/Dev/Bio/nhanes-pfas-albumin-mortality/Database/nhanes/2009-2010/Demographics/DEMO_F.xpt","INDHHIN2","Annual Household Income"
"2009-2010","demo","DEMO_F","D:/Dev/Bio/nhanes-pfas-albumin-mortality/Database/nhanes/2009-2010/Demographics/DEMO_F.xpt","INDFMIN2","Annual Family Income"
"2009-2010","demo","DEMO_F","D:/Dev/Bio/nhanes-pfas-albumin-mortality/Database/nhanes/2009-2010/Demographics/DEMO_F.xpt","INDFMPIR","Ratio of family income to poverty"
"2009-2010","demo","DEMO_F","D:/Dev/Bio/nhanes-pfas-albumin-mortality/Database/nhanes/2009-2010/Demographics/DEMO_F.xpt","RIDEXPRG","Pregnancy Status at Exam - Recode"
"2009-2010","demo","DEMO_F","D:/Dev/Bio/nhanes-pfas-albumin-mortality/Database/nhanes/2009-2010/Demographics/DEMO_F.xpt","DMDHRGND","HH Ref Person Gender"
"2009-2010","demo","DEMO_F","D:/Dev/Bio/nhanes-pfas-albumin-mortality/Database/nhanes/2009-2010/Demographics/DEMO_F.xpt","DMDHRAGE","HH Ref Person Age"
"2009-2010","demo","DEMO_F","D:/Dev/Bio/nhanes-pfas-albumin-mortality/Database/nhanes/2009-2010/Demographics/DEMO_F.xpt","DMDHRBR2","HH Ref Person Country of Birth"
"2009-2010","demo","DEMO_F","D:/Dev/Bio/nhanes-pfas-albumin-mortality/Database/nhanes/2009-2010/Demographics/DEMO_F.xpt","DMDHREDU","HH Ref Person Education Level"
"2009-2010","demo","DEMO_F","D:/Dev/Bio/nhanes-pfas-albumin-mortality/Database/nhanes/2009-2010/Demographics/DEMO_F.xpt","DMDHRMAR","HH Ref Person Marital Status"
"2009-2010","demo","DEMO_F","D:/Dev/Bio/nhanes-pfas-albumin-mortality/Database/nhanes/2009-2010/Demographics/DEMO_F.xpt","DMDHSEDU","HH Ref Person's Spouse Education Level"
"2009-2010","demo","DEMO_F","D:/Dev/Bio/nhanes-pfas-albumin-mortality/Database/nhanes/2009-2010/Demographics/DEMO_F.xpt","SIALANG","Language of SP Interview"
"2009-2010","demo","DEMO_F","D:/Dev/Bio/nhanes-pfas-albumin-mortality/Database/nhanes/2009-2010/Demographics/DEMO_F.xpt","SIAPROXY","Proxy used in SP Interview?"
"2009-2010","demo","DEMO_F","D:/Dev/Bio/nhanes-pfas-albumin-mortality/Database/nhanes/2009-2010/Demographics/DEMO_F.xpt","SIAINTRP","Interpreter used in SP Interview?"
"2009-2010","demo","DEMO_F","D:/Dev/Bio/nhanes-pfas-albumin-mortality/Database/nhanes/2009-2010/Demographics/DEMO_F.xpt","FIALANG","Language of Family Interview"
"2009-2010","demo","DEMO_F","D:/Dev/Bio/nhanes-pfas-albumin-mortality/Database/nhanes/2009-2010/Demographics/DEMO_F.xpt","FIAPROXY","Proxy used in Family Interview?"
"2009-2010","demo","DEMO_F","D:/Dev/Bio/nhanes-pfas-albumin-mortality/Database/nhanes/2009-2010/Demographics/DEMO_F.xpt","FIAINTRP","Interpreter used in Family Interview?"
"2009-2010","demo","DEMO_F","D:/Dev/Bio/nhanes-pfas-albumin-mortality/Database/nhanes/2009-2010/Demographics/DEMO_F.xpt","MIALANG","Language of MEC Interview"
"2009-2010","demo","DEMO_F","D:/Dev/Bio/nhanes-pfas-albumin-mortality/Database/nhanes/2009-2010/Demographics/DEMO_F.xpt","MIAPROXY","Proxy used in MEC Interview?"
"2009-2010","demo","DEMO_F","D:/Dev/Bio/nhanes-pfas-albumin-mortality/Database/nhanes/2009-2010/Demographics/DEMO_F.xpt","MIAINTRP","Interpreter used in MEC Interview?"
"2009-2010","demo","DEMO_F","D:/Dev/Bio/nhanes-pfas-albumin-mortality/Database/nhanes/2009-2010/Demographics/DEMO_F.xpt","AIALANG","Language of ACASI Interview"
"2009-2010","demo","DEMO_F","D:/Dev/Bio/nhanes-pfas-albumin-mortality/Database/nhanes/2009-2010/Demographics/DEMO_F.xpt","WTINT2YR","Full Sample 2 Year Interview Weight"
"2009-2010","demo","DEMO_F","D:/Dev/Bio/nhanes-pfas-albumin-mortality/Database/nhanes/2009-2010/Demographics/DEMO_F.xpt","WTMEC2YR","Full Sample 2 Year MEC Exam Weight"
"2009-2010","demo","DEMO_F","D:/Dev/Bio/nhanes-pfas-albumin-mortality/Database/nhanes/2009-2010/Demographics/DEMO_F.xpt","SDMVPSU","Masked Variance Pseudo-PSU"
"2009-2010","demo","DEMO_F","D:/Dev/Bio/nhanes-pfas-albumin-mortality/Database/nhanes/2009-2010/Demographics/DEMO_F.xpt","SDMVSTRA","Masked Variance Pseudo-Stratum"
"2009-2010","biochemistry","BIOPRO_F","D:/Dev/Bio/nhanes-pfas-albumin-mortality/Database/nhanes/2009-2010/Laboratory/BIOPRO_F.xpt","SEQN","Respondent sequence number"
"2009-2010","biochemistry","BIOPRO_F","D:/Dev/Bio/nhanes-pfas-albumin-mortality/Database/nhanes/2009-2010/Laboratory/BIOPRO_F.xpt","LBXSAL","Albumin (g/dL)"
"2009-2010","biochemistry","BIOPRO_F","D:/Dev/Bio/nhanes-pfas-albumin-mortality/Database/nhanes/2009-2010/Laboratory/BIOPRO_F.xpt","LBDSALSI","Albumin (g/L)"
"2009-2010","biochemistry","BIOPRO_F","D:/Dev/Bio/nhanes-pfas-albumin-mortality/Database/nhanes/2009-2010/Laboratory/BIOPRO_F.xpt","LBXSATSI","Alanine aminotransferase ALT (U/L)"
"2009-2010","biochemistry","BIOPRO_F","D:/Dev/Bio/nhanes-pfas-albumin-mortality/Database/nhanes/2009-2010/Laboratory/BIOPRO_F.xpt","LBXSASSI","Aspartate aminotransferase AST (U/L)"
"2009-2010","biochemistry","BIOPRO_F","D:/Dev/Bio/nhanes-pfas-albumin-mortality/Database/nhanes/2009-2010/Laboratory/BIOPRO_F.xpt","LBXSAPSI","Alkaline phosphotase (U/L)"
"2009-2010","biochemistry","BIOPRO_F","D:/Dev/Bio/nhanes-pfas-albumin-mortality/Database/nhanes/2009-2010/Laboratory/BIOPRO_F.xpt","LBXSBU","Blood urea nitrogen (mg/dL)"
"2009-2010","biochemistry","BIOPRO_F","D:/Dev/Bio/nhanes-pfas-albumin-mortality/Database/nhanes/2009-2010/Laboratory/BIOPRO_F.xpt","LBDSBUSI","Blood urea nitrogen (mmol/L)"
"2009-2010","biochemistry","BIOPRO_F","D:/Dev/Bio/nhanes-pfas-albumin-mortality/Database/nhanes/2009-2010/Laboratory/BIOPRO_F.xpt","LBXSCA","Total calcium (mg/dL)"
"2009-2010","biochemistry","BIOPRO_F","D:/Dev/Bio/nhanes-pfas-albumin-mortality/Database/nhanes/2009-2010/Laboratory/BIOPRO_F.xpt","LBDSCASI","Total calcium (mmol/L)"
"2009-2010","biochemistry","BIOPRO_F","D:/Dev/Bio/nhanes-pfas-albumin-mortality/Database/nhanes/2009-2010/Laboratory/BIOPRO_F.xpt","LBXSCH","Cholesterol (mg/dL)"
"2009-2010","biochemistry","BIOPRO_F","D:/Dev/Bio/nhanes-pfas-albumin-mortality/Database/nhanes/2009-2010/Laboratory/BIOPRO_F.xpt","LBDSCHSI","Cholesterol (mmol/L)"
"2009-2010","biochemistry","BIOPRO_F","D:/Dev/Bio/nhanes-pfas-albumin-mortality/Database/nhanes/2009-2010/Laboratory/BIOPRO_F.xpt","LBXSC3SI","Bicarbonate (mmol/L)"
"2009-2010","biochemistry","BIOPRO_F","D:/Dev/Bio/nhanes-pfas-albumin-mortality/Database/nhanes/2009-2010/Laboratory/BIOPRO_F.xpt","LBXSCR","Creatinine (mg/dL)"
"2009-2010","biochemistry","BIOPRO_F","D:/Dev/Bio/nhanes-pfas-albumin-mortality/Database/nhanes/2009-2010/Laboratory/BIOPRO_F.xpt","LBDSCRSI","Creatinine (umol/L)"
"2009-2010","biochemistry","BIOPRO_F","D:/Dev/Bio/nhanes-pfas-albumin-mortality/Database/nhanes/2009-2010/Laboratory/BIOPRO_F.xpt","LBXSGTSI","Gamma glutamyl transferase (U/L)"
"2009-2010","biochemistry","BIOPRO_F","D:/Dev/Bio/nhanes-pfas-albumin-mortality/Database/nhanes/2009-2010/Laboratory/BIOPRO_F.xpt","LBXSGL","Glucose, serum (mg/dL)"
"2009-2010","biochemistry","BIOPRO_F","D:/Dev/Bio/nhanes-pfas-albumin-mortality/Database/nhanes/2009-2010/Laboratory/BIOPRO_F.xpt","LBDSGLSI","Glucose, serum (mmol/L)"
"2009-2010","biochemistry","BIOPRO_F","D:/Dev/Bio/nhanes-pfas-albumin-mortality/Database/nhanes/2009-2010/Laboratory/BIOPRO_F.xpt","LBXSIR","Iron, refigerated (ug/dL)"
"2009-2010","biochemistry","BIOPRO_F","D:/Dev/Bio/nhanes-pfas-albumin-mortality/Database/nhanes/2009-2010/Laboratory/BIOPRO_F.xpt","LBDSIRSI","Iron, refigerated (umol/L)"
"2009-2010","biochemistry","BIOPRO_F","D:/Dev/Bio/nhanes-pfas-albumin-mortality/Database/nhanes/2009-2010/Laboratory/BIOPRO_F.xpt","LBXSLDSI","Lactate dehydrogenase (U/L)"
"2009-2010","biochemistry","BIOPRO_F","D:/Dev/Bio/nhanes-pfas-albumin-mortality/Database/nhanes/2009-2010/Laboratory/BIOPRO_F.xpt","LBXSPH","Phosphorus (mg/dL)"
"2009-2010","biochemistry","BIOPRO_F","D:/Dev/Bio/nhanes-pfas-albumin-mortality/Database/nhanes/2009-2010/Laboratory/BIOPRO_F.xpt","LBDSPHSI","Phosphorus (mmol/L)"
"2009-2010","biochemistry","BIOPRO_F","D:/Dev/Bio/nhanes-pfas-albumin-mortality/Database/nhanes/2009-2010/Laboratory/BIOPRO_F.xpt","LBXSTB","Total bilirubin (mg/dL)"
"2009-2010","biochemistry","BIOPRO_F","D:/Dev/Bio/nhanes-pfas-albumin-mortality/Database/nhanes/2009-2010/Laboratory/BIOPRO_F.xpt","LBDSTBSI","Total bilirubin (umol/L)"
"2009-2010","biochemistry","BIOPRO_F","D:/Dev/Bio/nhanes-pfas-albumin-mortality/Database/nhanes/2009-2010/Laboratory/BIOPRO_F.xpt","LBXSTP","Total protein (g/dL)"
"2009-2010","biochemistry","BIOPRO_F","D:/Dev/Bio/nhanes-pfas-albumin-mortality/Database/nhanes/2009-2010/Laboratory/BIOPRO_F.xpt","LBDSTPSI","Total protein (g/L)"
"2009-2010","biochemistry","BIOPRO_F","D:/Dev/Bio/nhanes-pfas-albumin-mortality/Database/nhanes/2009-2010/Laboratory/BIOPRO_F.xpt","LBXSTR","Triglycerides (mg/dL)"
"2009-2010","biochemistry","BIOPRO_F","D:/Dev/Bio/nhanes-pfas-albumin-mortality/Database/nhanes/2009-2010/Laboratory/BIOPRO_F.xpt","LBDSTRSI","Triglycerides (mmol/L)"
"2009-2010","biochemistry","BIOPRO_F","D:/Dev/Bio/nhanes-pfas-albumin-mortality/Database/nhanes/2009-2010/Laboratory/BIOPRO_F.xpt","LBXSUA","Uric acid (mg/dL)"
"2009-2010","biochemistry","BIOPRO_F","D:/Dev/Bio/nhanes-pfas-albumin-mortality/Database/nhanes/2009-2010/Laboratory/BIOPRO_F.xpt","LBDSUASI","Uric acid (umol/L)"
"2009-2010","biochemistry","BIOPRO_F","D:/Dev/Bio/nhanes-pfas-albumin-mortality/Database/nhanes/2009-2010/Laboratory/BIOPRO_F.xpt","LBXSNASI","Sodium (mmol/L)"
"2009-2010","biochemistry","BIOPRO_F","D:/Dev/Bio/nhanes-pfas-albumin-mortality/Database/nhanes/2009-2010/Laboratory/BIOPRO_F.xpt","LBXSKSI","Potassium (mmol/L)"
"2009-2010","biochemistry","BIOPRO_F","D:/Dev/Bio/nhanes-pfas-albumin-mortality/Database/nhanes/2009-2010/Laboratory/BIOPRO_F.xpt","LBXSCLSI","Chloride (mmol/L)"
"2009-2010","biochemistry","BIOPRO_F","D:/Dev/Bio/nhanes-pfas-albumin-mortality/Database/nhanes/2009-2010/Laboratory/BIOPRO_F.xpt","LBXSOSSI","Osmolality (mmol/Kg)"
"2009-2010","biochemistry","BIOPRO_F","D:/Dev/Bio/nhanes-pfas-albumin-mortality/Database/nhanes/2009-2010/Laboratory/BIOPRO_F.xpt","LBXSGB","Globulin (g/dL)"
"2009-2010","biochemistry","BIOPRO_F","D:/Dev/Bio/nhanes-pfas-albumin-mortality/Database/nhanes/2009-2010/Laboratory/BIOPRO_F.xpt","LBDSGBSI","Globulin (g/L)"
"2009-2010","metals","PBCD_F","D:/Dev/Bio/nhanes-pfas-albumin-mortality/Database/nhanes/2009-2010/Laboratory/PBCD_F.xpt","SEQN","Respondent sequence number"
"2009-2010","metals","PBCD_F","D:/Dev/Bio/nhanes-pfas-albumin-mortality/Database/nhanes/2009-2010/Laboratory/PBCD_F.xpt","LBXBCD","Blood cadmium (ug/L)"
"2009-2010","metals","PBCD_F","D:/Dev/Bio/nhanes-pfas-albumin-mortality/Database/nhanes/2009-2010/Laboratory/PBCD_F.xpt","LBDBCDSI","Blood cadmium (nmol/L)"
"2009-2010","metals","PBCD_F","D:/Dev/Bio/nhanes-pfas-albumin-mortality/Database/nhanes/2009-2010/Laboratory/PBCD_F.xpt","LBDBCDLC","Blood cadmium comment code"
"2009-2010","metals","PBCD_F","D:/Dev/Bio/nhanes-pfas-albumin-mortality/Database/nhanes/2009-2010/Laboratory/PBCD_F.xpt","LBXBPB","Blood lead (ug/dL)"
"2009-2010","metals","PBCD_F","D:/Dev/Bio/nhanes-pfas-albumin-mortality/Database/nhanes/2009-2010/Laboratory/PBCD_F.xpt","LBDBPBSI","Blood lead (umol/L)"
"2009-2010","metals","PBCD_F","D:/Dev/Bio/nhanes-pfas-albumin-mortality/Database/nhanes/2009-2010/Laboratory/PBCD_F.xpt","LBDBPBLC","Blood lead comment code"
"2009-2010","metals","PBCD_F","D:/Dev/Bio/nhanes-pfas-albumin-mortality/Database/nhanes/2009-2010/Laboratory/PBCD_F.xpt","LBXTHG","Mercury, total (ug/L)"
"2009-2010","metals","PBCD_F","D:/Dev/Bio/nhanes-pfas-albumin-mortality/Database/nhanes/2009-2010/Laboratory/PBCD_F.xpt","LBDTHGSI","Mercury, total (umol/L )"
"2009-2010","metals","PBCD_F","D:/Dev/Bio/nhanes-pfas-albumin-mortality/Database/nhanes/2009-2010/Laboratory/PBCD_F.xpt","LBDTHGLC","Mercury, total comment code"
"2009-2010","pfas_standard","PFC_F","D:/Dev/Bio/nhanes-pfas-albumin-mortality/Database/nhanes/2009-2010/Laboratory/PFC_F.xpt","SEQN","Respondent sequence number"
"2009-2010","pfas_standard","PFC_F","D:/Dev/Bio/nhanes-pfas-albumin-mortality/Database/nhanes/2009-2010/Laboratory/PFC_F.xpt","WTSC2YR","Two-year MEC weights of subsample C"
"2009-2010","pfas_standard","PFC_F","D:/Dev/Bio/nhanes-pfas-albumin-mortality/Database/nhanes/2009-2010/Laboratory/PFC_F.xpt","LBXEPAH","2-(N-ethyl-PFOSA) acetate"
"2009-2010","pfas_standard","PFC_F","D:/Dev/Bio/nhanes-pfas-albumin-mortality/Database/nhanes/2009-2010/Laboratory/PFC_F.xpt","LBDEPAHL","2-(N-ethyl-PFOSA) acetate comment"
"2009-2010","pfas_standard","PFC_F","D:/Dev/Bio/nhanes-pfas-albumin-mortality/Database/nhanes/2009-2010/Laboratory/PFC_F.xpt","LBXPFDE","Perfluorodecanoic acid"
"2009-2010","pfas_standard","PFC_F","D:/Dev/Bio/nhanes-pfas-albumin-mortality/Database/nhanes/2009-2010/Laboratory/PFC_F.xpt","LBDPFDEL","Perfluorodecanoic acid comment"
"2009-2010","pfas_standard","PFC_F","D:/Dev/Bio/nhanes-pfas-albumin-mortality/Database/nhanes/2009-2010/Laboratory/PFC_F.xpt","LBXPFOA","Perfluorooctanoic acid"
"2009-2010","pfas_standard","PFC_F","D:/Dev/Bio/nhanes-pfas-albumin-mortality/Database/nhanes/2009-2010/Laboratory/PFC_F.xpt","LBDPFOAL","Perfluorooctanoic acid comment"
"2009-2010","pfas_standard","PFC_F","D:/Dev/Bio/nhanes-pfas-albumin-mortality/Database/nhanes/2009-2010/Laboratory/PFC_F.xpt","LBXPFOS","Perfluorooctane sulfonic acid"
"2009-2010","pfas_standard","PFC_F","D:/Dev/Bio/nhanes-pfas-albumin-mortality/Database/nhanes/2009-2010/Laboratory/PFC_F.xpt","LBDPFOSL","Perfluorooctane sulfonic acid comment"
"2009-2010","pfas_standard","PFC_F","D:/Dev/Bio/nhanes-pfas-albumin-mortality/Database/nhanes/2009-2010/Laboratory/PFC_F.xpt","LBXPFHS","Perfluorohexane sulfonic acid"
"2009-2010","pfas_standard","PFC_F","D:/Dev/Bio/nhanes-pfas-albumin-mortality/Database/nhanes/2009-2010/Laboratory/PFC_F.xpt","LBDPFHSL","Perfluorohexane sulfonic acid comment"
"2009-2010","pfas_standard","PFC_F","D:/Dev/Bio/nhanes-pfas-albumin-mortality/Database/nhanes/2009-2010/Laboratory/PFC_F.xpt","LBXMPAH","2-(N-methyl-PFOSA) acetate"
"2009-2010","pfas_standard","PFC_F","D:/Dev/Bio/nhanes-pfas-albumin-mortality/Database/nhanes/2009-2010/Laboratory/PFC_F.xpt","LBDMPAHL","2-(N-methyl-PFOSA) acetate comment"
"2009-2010","pfas_standard","PFC_F","D:/Dev/Bio/nhanes-pfas-albumin-mortality/Database/nhanes/2009-2010/Laboratory/PFC_F.xpt","LBXPFBS","Perfluorobutane sulfonic acid"
"2009-2010","pfas_standard","PFC_F","D:/Dev/Bio/nhanes-pfas-albumin-mortality/Database/nhanes/2009-2010/Laboratory/PFC_F.xpt","LBDPFBSL","Perfluorobutane sulfonic acid comment"
"2009-2010","pfas_standard","PFC_F","D:/Dev/Bio/nhanes-pfas-albumin-mortality/Database/nhanes/2009-2010/Laboratory/PFC_F.xpt","LBXPFHP","Perfluoroheptanoic acid"
"2009-2010","pfas_standard","PFC_F","D:/Dev/Bio/nhanes-pfas-albumin-mortality/Database/nhanes/2009-2010/Laboratory/PFC_F.xpt","LBDPFHPL","Perfluoroheptanoic acid comment"
"2009-2010","pfas_standard","PFC_F","D:/Dev/Bio/nhanes-pfas-albumin-mortality/Database/nhanes/2009-2010/Laboratory/PFC_F.xpt","LBXPFNA","Perfluorononanoic acid"
"2009-2010","pfas_standard","PFC_F","D:/Dev/Bio/nhanes-pfas-albumin-mortality/Database/nhanes/2009-2010/Laboratory/PFC_F.xpt","LBDPFNAL","Perfluorononanoic acid comment"
"2009-2010","pfas_standard","PFC_F","D:/Dev/Bio/nhanes-pfas-albumin-mortality/Database/nhanes/2009-2010/Laboratory/PFC_F.xpt","LBXPFSA","Perfluorooctane sulfonamide"
"2009-2010","pfas_standard","PFC_F","D:/Dev/Bio/nhanes-pfas-albumin-mortality/Database/nhanes/2009-2010/Laboratory/PFC_F.xpt","LBDPFSAL","Perfluorooctane sulfonamide comment"
"2009-2010","pfas_standard","PFC_F","D:/Dev/Bio/nhanes-pfas-albumin-mortality/Database/nhanes/2009-2010/Laboratory/PFC_F.xpt","LBXPFUA","Perfluoroundecanoic acid"
"2009-2010","pfas_standard","PFC_F","D:/Dev/Bio/nhanes-pfas-albumin-mortality/Database/nhanes/2009-2010/Laboratory/PFC_F.xpt","LBDPFUAL","Perfluoroundecanoic acid comment"
"2009-2010","pfas_standard","PFC_F","D:/Dev/Bio/nhanes-pfas-albumin-mortality/Database/nhanes/2009-2010/Laboratory/PFC_F.xpt","LBXPFDO","Perfluorododecanoic acid"
"2009-2010","pfas_standard","PFC_F","D:/Dev/Bio/nhanes-pfas-albumin-mortality/Database/nhanes/2009-2010/Laboratory/PFC_F.xpt","LBDPFDOL","Perfluorododecanoic acid comment"
"2011-2012","demo","DEMO_G","D:/Dev/Bio/nhanes-pfas-albumin-mortality/Database/nhanes/2011-2012/Demographics/DEMO_G.xpt","SEQN","Respondent sequence number"
"2011-2012","demo","DEMO_G","D:/Dev/Bio/nhanes-pfas-albumin-mortality/Database/nhanes/2011-2012/Demographics/DEMO_G.xpt","SDDSRVYR","Data release cycle"
"2011-2012","demo","DEMO_G","D:/Dev/Bio/nhanes-pfas-albumin-mortality/Database/nhanes/2011-2012/Demographics/DEMO_G.xpt","RIDSTATR","Interview/Examination status"
"2011-2012","demo","DEMO_G","D:/Dev/Bio/nhanes-pfas-albumin-mortality/Database/nhanes/2011-2012/Demographics/DEMO_G.xpt","RIAGENDR","Gender"
"2011-2012","demo","DEMO_G","D:/Dev/Bio/nhanes-pfas-albumin-mortality/Database/nhanes/2011-2012/Demographics/DEMO_G.xpt","RIDAGEYR","Age in years at screening"
"2011-2012","demo","DEMO_G","D:/Dev/Bio/nhanes-pfas-albumin-mortality/Database/nhanes/2011-2012/Demographics/DEMO_G.xpt","RIDAGEMN","Age in months at screening - 0 to 24 mos"
"2011-2012","demo","DEMO_G","D:/Dev/Bio/nhanes-pfas-albumin-mortality/Database/nhanes/2011-2012/Demographics/DEMO_G.xpt","RIDRETH1","Race/Hispanic origin"
"2011-2012","demo","DEMO_G","D:/Dev/Bio/nhanes-pfas-albumin-mortality/Database/nhanes/2011-2012/Demographics/DEMO_G.xpt","RIDRETH3","Race/Hispanic origin w/ NH Asian"
"2011-2012","demo","DEMO_G","D:/Dev/Bio/nhanes-pfas-albumin-mortality/Database/nhanes/2011-2012/Demographics/DEMO_G.xpt","RIDEXMON","Six month time period"
"2011-2012","demo","DEMO_G","D:/Dev/Bio/nhanes-pfas-albumin-mortality/Database/nhanes/2011-2012/Demographics/DEMO_G.xpt","RIDEXAGY","Age in years at exam - 2 to 19 years"
"2011-2012","demo","DEMO_G","D:/Dev/Bio/nhanes-pfas-albumin-mortality/Database/nhanes/2011-2012/Demographics/DEMO_G.xpt","RIDEXAGM","Age in months at exam - 0 to 19 years"
"2011-2012","demo","DEMO_G","D:/Dev/Bio/nhanes-pfas-albumin-mortality/Database/nhanes/2011-2012/Demographics/DEMO_G.xpt","DMQMILIZ","Served active duty in US Armed Forces"
"2011-2012","demo","DEMO_G","D:/Dev/Bio/nhanes-pfas-albumin-mortality/Database/nhanes/2011-2012/Demographics/DEMO_G.xpt","DMQADFC","Served in a foreign country"
"2011-2012","demo","DEMO_G","D:/Dev/Bio/nhanes-pfas-albumin-mortality/Database/nhanes/2011-2012/Demographics/DEMO_G.xpt","DMDBORN4","Country of birth"
"2011-2012","demo","DEMO_G","D:/Dev/Bio/nhanes-pfas-albumin-mortality/Database/nhanes/2011-2012/Demographics/DEMO_G.xpt","DMDCITZN","Citizenship status"
"2011-2012","demo","DEMO_G","D:/Dev/Bio/nhanes-pfas-albumin-mortality/Database/nhanes/2011-2012/Demographics/DEMO_G.xpt","DMDYRSUS","Length of time in US"
"2011-2012","demo","DEMO_G","D:/Dev/Bio/nhanes-pfas-albumin-mortality/Database/nhanes/2011-2012/Demographics/DEMO_G.xpt","DMDEDUC3","Education level - Children/Youth 6-19"
"2011-2012","demo","DEMO_G","D:/Dev/Bio/nhanes-pfas-albumin-mortality/Database/nhanes/2011-2012/Demographics/DEMO_G.xpt","DMDEDUC2","Education level - Adults 20+"
"2011-2012","demo","DEMO_G","D:/Dev/Bio/nhanes-pfas-albumin-mortality/Database/nhanes/2011-2012/Demographics/DEMO_G.xpt","DMDMARTL","Marital status"
"2011-2012","demo","DEMO_G","D:/Dev/Bio/nhanes-pfas-albumin-mortality/Database/nhanes/2011-2012/Demographics/DEMO_G.xpt","RIDEXPRG","Pregnancy status at exam"
"2011-2012","demo","DEMO_G","D:/Dev/Bio/nhanes-pfas-albumin-mortality/Database/nhanes/2011-2012/Demographics/DEMO_G.xpt","SIALANG","Language of SP Interview"
"2011-2012","demo","DEMO_G","D:/Dev/Bio/nhanes-pfas-albumin-mortality/Database/nhanes/2011-2012/Demographics/DEMO_G.xpt","SIAPROXY","Proxy used in SP Interview?"
"2011-2012","demo","DEMO_G","D:/Dev/Bio/nhanes-pfas-albumin-mortality/Database/nhanes/2011-2012/Demographics/DEMO_G.xpt","SIAINTRP","Interpreter used in SP Interview?"
"2011-2012","demo","DEMO_G","D:/Dev/Bio/nhanes-pfas-albumin-mortality/Database/nhanes/2011-2012/Demographics/DEMO_G.xpt","FIALANG","Language of Family Interview"
"2011-2012","demo","DEMO_G","D:/Dev/Bio/nhanes-pfas-albumin-mortality/Database/nhanes/2011-2012/Demographics/DEMO_G.xpt","FIAPROXY","Proxy used in Family Interview?"
"2011-2012","demo","DEMO_G","D:/Dev/Bio/nhanes-pfas-albumin-mortality/Database/nhanes/2011-2012/Demographics/DEMO_G.xpt","FIAINTRP","Interpreter used in Family Interview?"
"2011-2012","demo","DEMO_G","D:/Dev/Bio/nhanes-pfas-albumin-mortality/Database/nhanes/2011-2012/Demographics/DEMO_G.xpt","MIALANG","Language of MEC Interview"
"2011-2012","demo","DEMO_G","D:/Dev/Bio/nhanes-pfas-albumin-mortality/Database/nhanes/2011-2012/Demographics/DEMO_G.xpt","MIAPROXY","Proxy used in MEC Interview?"
"2011-2012","demo","DEMO_G","D:/Dev/Bio/nhanes-pfas-albumin-mortality/Database/nhanes/2011-2012/Demographics/DEMO_G.xpt","MIAINTRP","Interpreter used in MEC Interview?"
"2011-2012","demo","DEMO_G","D:/Dev/Bio/nhanes-pfas-albumin-mortality/Database/nhanes/2011-2012/Demographics/DEMO_G.xpt","AIALANGA","Language of ACASI Interview"
"2011-2012","demo","DEMO_G","D:/Dev/Bio/nhanes-pfas-albumin-mortality/Database/nhanes/2011-2012/Demographics/DEMO_G.xpt","WTINT2YR","Full sample 2 year interview weight"
"2011-2012","demo","DEMO_G","D:/Dev/Bio/nhanes-pfas-albumin-mortality/Database/nhanes/2011-2012/Demographics/DEMO_G.xpt","WTMEC2YR","Full sample 2 year MEC exam weight"
"2011-2012","demo","DEMO_G","D:/Dev/Bio/nhanes-pfas-albumin-mortality/Database/nhanes/2011-2012/Demographics/DEMO_G.xpt","SDMVPSU","Masked variance pseudo-PSU"
"2011-2012","demo","DEMO_G","D:/Dev/Bio/nhanes-pfas-albumin-mortality/Database/nhanes/2011-2012/Demographics/DEMO_G.xpt","SDMVSTRA","Masked variance pseudo-stratum"
"2011-2012","demo","DEMO_G","D:/Dev/Bio/nhanes-pfas-albumin-mortality/Database/nhanes/2011-2012/Demographics/DEMO_G.xpt","INDHHIN2","Annual household income"
"2011-2012","demo","DEMO_G","D:/Dev/Bio/nhanes-pfas-albumin-mortality/Database/nhanes/2011-2012/Demographics/DEMO_G.xpt","INDFMIN2","Annual family income"
"2011-2012","demo","DEMO_G","D:/Dev/Bio/nhanes-pfas-albumin-mortality/Database/nhanes/2011-2012/Demographics/DEMO_G.xpt","INDFMPIR","Ratio of family income to poverty"
"2011-2012","demo","DEMO_G","D:/Dev/Bio/nhanes-pfas-albumin-mortality/Database/nhanes/2011-2012/Demographics/DEMO_G.xpt","DMDHHSIZ","Total number of people in the Household"
"2011-2012","demo","DEMO_G","D:/Dev/Bio/nhanes-pfas-albumin-mortality/Database/nhanes/2011-2012/Demographics/DEMO_G.xpt","DMDFMSIZ","Total number of people in the Family"
"2011-2012","demo","DEMO_G","D:/Dev/Bio/nhanes-pfas-albumin-mortality/Database/nhanes/2011-2012/Demographics/DEMO_G.xpt","DMDHHSZA","# of children 5 years or younger in HH"
"2011-2012","demo","DEMO_G","D:/Dev/Bio/nhanes-pfas-albumin-mortality/Database/nhanes/2011-2012/Demographics/DEMO_G.xpt","DMDHHSZB","# of children 6-17 years old in HH"
"2011-2012","demo","DEMO_G","D:/Dev/Bio/nhanes-pfas-albumin-mortality/Database/nhanes/2011-2012/Demographics/DEMO_G.xpt","DMDHHSZE","# of adults 60 years or older in HH"
"2011-2012","demo","DEMO_G","D:/Dev/Bio/nhanes-pfas-albumin-mortality/Database/nhanes/2011-2012/Demographics/DEMO_G.xpt","DMDHRGND","HH ref person's gender"
"2011-2012","demo","DEMO_G","D:/Dev/Bio/nhanes-pfas-albumin-mortality/Database/nhanes/2011-2012/Demographics/DEMO_G.xpt","DMDHRAGE","HH ref person's age in years"
"2011-2012","demo","DEMO_G","D:/Dev/Bio/nhanes-pfas-albumin-mortality/Database/nhanes/2011-2012/Demographics/DEMO_G.xpt","DMDHRBR4","HH ref person's country of birth"
"2011-2012","demo","DEMO_G","D:/Dev/Bio/nhanes-pfas-albumin-mortality/Database/nhanes/2011-2012/Demographics/DEMO_G.xpt","DMDHREDU","HH ref person's education level"
"2011-2012","demo","DEMO_G","D:/Dev/Bio/nhanes-pfas-albumin-mortality/Database/nhanes/2011-2012/Demographics/DEMO_G.xpt","DMDHRMAR","HH ref person's marital status"
"2011-2012","demo","DEMO_G","D:/Dev/Bio/nhanes-pfas-albumin-mortality/Database/nhanes/2011-2012/Demographics/DEMO_G.xpt","DMDHSEDU","HH ref person's spouse's education level"
"2011-2012","biochemistry","BIOPRO_G","D:/Dev/Bio/nhanes-pfas-albumin-mortality/Database/nhanes/2011-2012/Laboratory/BIOPRO_G.xpt","SEQN","Respondent sequence number"
"2011-2012","biochemistry","BIOPRO_G","D:/Dev/Bio/nhanes-pfas-albumin-mortality/Database/nhanes/2011-2012/Laboratory/BIOPRO_G.xpt","LBXSAL","Albumin (g/dL)"
"2011-2012","biochemistry","BIOPRO_G","D:/Dev/Bio/nhanes-pfas-albumin-mortality/Database/nhanes/2011-2012/Laboratory/BIOPRO_G.xpt","LBDSALSI","Albumin (g/L)"
"2011-2012","biochemistry","BIOPRO_G","D:/Dev/Bio/nhanes-pfas-albumin-mortality/Database/nhanes/2011-2012/Laboratory/BIOPRO_G.xpt","LBXSATSI","Alanine aminotransferase ALT (U/L)"
"2011-2012","biochemistry","BIOPRO_G","D:/Dev/Bio/nhanes-pfas-albumin-mortality/Database/nhanes/2011-2012/Laboratory/BIOPRO_G.xpt","LBXSASSI","Aspartate aminotransferase AST (U/L)"
"2011-2012","biochemistry","BIOPRO_G","D:/Dev/Bio/nhanes-pfas-albumin-mortality/Database/nhanes/2011-2012/Laboratory/BIOPRO_G.xpt","LBXSAPSI","Alkaline phosphotase (U/L)"
"2011-2012","biochemistry","BIOPRO_G","D:/Dev/Bio/nhanes-pfas-albumin-mortality/Database/nhanes/2011-2012/Laboratory/BIOPRO_G.xpt","LBXSBU","Blood urea nitrogen (mg/dL)"
"2011-2012","biochemistry","BIOPRO_G","D:/Dev/Bio/nhanes-pfas-albumin-mortality/Database/nhanes/2011-2012/Laboratory/BIOPRO_G.xpt","LBDSBUSI","Blood urea nitrogen (mmol/L)"
"2011-2012","biochemistry","BIOPRO_G","D:/Dev/Bio/nhanes-pfas-albumin-mortality/Database/nhanes/2011-2012/Laboratory/BIOPRO_G.xpt","LBXSCA","Total calcium (mg/dL)"
"2011-2012","biochemistry","BIOPRO_G","D:/Dev/Bio/nhanes-pfas-albumin-mortality/Database/nhanes/2011-2012/Laboratory/BIOPRO_G.xpt","LBDSCASI","Total calcium (mmol/L)"
"2011-2012","biochemistry","BIOPRO_G","D:/Dev/Bio/nhanes-pfas-albumin-mortality/Database/nhanes/2011-2012/Laboratory/BIOPRO_G.xpt","LBXSCK","Creatine Phosphokinase(CPK) (IU/L)"
"2011-2012","biochemistry","BIOPRO_G","D:/Dev/Bio/nhanes-pfas-albumin-mortality/Database/nhanes/2011-2012/Laboratory/BIOPRO_G.xpt","LBXSCH","Cholesterol (mg/dL)"
"2011-2012","biochemistry","BIOPRO_G","D:/Dev/Bio/nhanes-pfas-albumin-mortality/Database/nhanes/2011-2012/Laboratory/BIOPRO_G.xpt","LBDSCHSI","Cholesterol (mmol/L)"
"2011-2012","biochemistry","BIOPRO_G","D:/Dev/Bio/nhanes-pfas-albumin-mortality/Database/nhanes/2011-2012/Laboratory/BIOPRO_G.xpt","LBXSC3SI","Bicarbonate (mmol/L)"
"2011-2012","biochemistry","BIOPRO_G","D:/Dev/Bio/nhanes-pfas-albumin-mortality/Database/nhanes/2011-2012/Laboratory/BIOPRO_G.xpt","LBXSCR","Creatinine (mg/dL)"
"2011-2012","biochemistry","BIOPRO_G","D:/Dev/Bio/nhanes-pfas-albumin-mortality/Database/nhanes/2011-2012/Laboratory/BIOPRO_G.xpt","LBDSCRSI","Creatinine (umol/L)"
"2011-2012","biochemistry","BIOPRO_G","D:/Dev/Bio/nhanes-pfas-albumin-mortality/Database/nhanes/2011-2012/Laboratory/BIOPRO_G.xpt","LBXSGTSI","Gamma glutamyl transferase (U/L)"
"2011-2012","biochemistry","BIOPRO_G","D:/Dev/Bio/nhanes-pfas-albumin-mortality/Database/nhanes/2011-2012/Laboratory/BIOPRO_G.xpt","LBXSGL","Glucose, serum (mg/dL)"
"2011-2012","biochemistry","BIOPRO_G","D:/Dev/Bio/nhanes-pfas-albumin-mortality/Database/nhanes/2011-2012/Laboratory/BIOPRO_G.xpt","LBDSGLSI","Glucose, serum (mmol/L)"
"2011-2012","biochemistry","BIOPRO_G","D:/Dev/Bio/nhanes-pfas-albumin-mortality/Database/nhanes/2011-2012/Laboratory/BIOPRO_G.xpt","LBXSIR","Iron, refigerated (ug/dL)"
"2011-2012","biochemistry","BIOPRO_G","D:/Dev/Bio/nhanes-pfas-albumin-mortality/Database/nhanes/2011-2012/Laboratory/BIOPRO_G.xpt","LBDSIRSI","Iron, refigerated (umol/L)"
"2011-2012","biochemistry","BIOPRO_G","D:/Dev/Bio/nhanes-pfas-albumin-mortality/Database/nhanes/2011-2012/Laboratory/BIOPRO_G.xpt","LBXSLDSI","Lactate dehydrogenase (U/L)"
"2011-2012","biochemistry","BIOPRO_G","D:/Dev/Bio/nhanes-pfas-albumin-mortality/Database/nhanes/2011-2012/Laboratory/BIOPRO_G.xpt","LBXSPH","Phosphorus (mg/dL)"
"2011-2012","biochemistry","BIOPRO_G","D:/Dev/Bio/nhanes-pfas-albumin-mortality/Database/nhanes/2011-2012/Laboratory/BIOPRO_G.xpt","LBDSPHSI","Phosphorus (mmol/L)"
"2011-2012","biochemistry","BIOPRO_G","D:/Dev/Bio/nhanes-pfas-albumin-mortality/Database/nhanes/2011-2012/Laboratory/BIOPRO_G.xpt","LBXSTB","Total bilirubin (mg/dL)"
"2011-2012","biochemistry","BIOPRO_G","D:/Dev/Bio/nhanes-pfas-albumin-mortality/Database/nhanes/2011-2012/Laboratory/BIOPRO_G.xpt","LBDSTBSI","Total bilirubin (umol/L)"
"2011-2012","biochemistry","BIOPRO_G","D:/Dev/Bio/nhanes-pfas-albumin-mortality/Database/nhanes/2011-2012/Laboratory/BIOPRO_G.xpt","LBXSTP","Total protein (g/dL)"
"2011-2012","biochemistry","BIOPRO_G","D:/Dev/Bio/nhanes-pfas-albumin-mortality/Database/nhanes/2011-2012/Laboratory/BIOPRO_G.xpt","LBDSTPSI","Total protein (g/L)"
"2011-2012","biochemistry","BIOPRO_G","D:/Dev/Bio/nhanes-pfas-albumin-mortality/Database/nhanes/2011-2012/Laboratory/BIOPRO_G.xpt","LBXSUA","Uric acid (mg/dL)"
"2011-2012","biochemistry","BIOPRO_G","D:/Dev/Bio/nhanes-pfas-albumin-mortality/Database/nhanes/2011-2012/Laboratory/BIOPRO_G.xpt","LBDSUASI","Uric acid (umol/L)"
"2011-2012","biochemistry","BIOPRO_G","D:/Dev/Bio/nhanes-pfas-albumin-mortality/Database/nhanes/2011-2012/Laboratory/BIOPRO_G.xpt","LBXSNASI","Sodium (mmol/L)"
"2011-2012","biochemistry","BIOPRO_G","D:/Dev/Bio/nhanes-pfas-albumin-mortality/Database/nhanes/2011-2012/Laboratory/BIOPRO_G.xpt","LBXSKSI","Potassium (mmol/L)"
"2011-2012","biochemistry","BIOPRO_G","D:/Dev/Bio/nhanes-pfas-albumin-mortality/Database/nhanes/2011-2012/Laboratory/BIOPRO_G.xpt","LBXSCLSI","Chloride (mmol/L)"
"2011-2012","biochemistry","BIOPRO_G","D:/Dev/Bio/nhanes-pfas-albumin-mortality/Database/nhanes/2011-2012/Laboratory/BIOPRO_G.xpt","LBXSOSSI","Osmolality (mmol/Kg)"
"2011-2012","biochemistry","BIOPRO_G","D:/Dev/Bio/nhanes-pfas-albumin-mortality/Database/nhanes/2011-2012/Laboratory/BIOPRO_G.xpt","LBXSGB","Globulin (g/dL)"
"2011-2012","biochemistry","BIOPRO_G","D:/Dev/Bio/nhanes-pfas-albumin-mortality/Database/nhanes/2011-2012/Laboratory/BIOPRO_G.xpt","LBDSGBSI","Globulin (g/L)"
"2011-2012","biochemistry","BIOPRO_G","D:/Dev/Bio/nhanes-pfas-albumin-mortality/Database/nhanes/2011-2012/Laboratory/BIOPRO_G.xpt","LBXSTR","Triglycerides (mg/dL)"
"2011-2012","biochemistry","BIOPRO_G","D:/Dev/Bio/nhanes-pfas-albumin-mortality/Database/nhanes/2011-2012/Laboratory/BIOPRO_G.xpt","LBDSTRSI","Triglycerides (mmol/L)"
"2011-2012","metals","PBCD_G","D:/Dev/Bio/nhanes-pfas-albumin-mortality/Database/nhanes/2011-2012/Laboratory/PBCD_G.xpt","SEQN","Respondent sequence number"
"2011-2012","metals","PBCD_G","D:/Dev/Bio/nhanes-pfas-albumin-mortality/Database/nhanes/2011-2012/Laboratory/PBCD_G.xpt","LBXBPB","Blood lead (ug/dL)"
"2011-2012","metals","PBCD_G","D:/Dev/Bio/nhanes-pfas-albumin-mortality/Database/nhanes/2011-2012/Laboratory/PBCD_G.xpt","LBDBPBSI","Blood lead (umol/L)"
"2011-2012","metals","PBCD_G","D:/Dev/Bio/nhanes-pfas-albumin-mortality/Database/nhanes/2011-2012/Laboratory/PBCD_G.xpt","LBDBPBLC","Blood lead comment code"
"2011-2012","metals","PBCD_G","D:/Dev/Bio/nhanes-pfas-albumin-mortality/Database/nhanes/2011-2012/Laboratory/PBCD_G.xpt","LBXBCD","Blood cadmium (ug/L)"
"2011-2012","metals","PBCD_G","D:/Dev/Bio/nhanes-pfas-albumin-mortality/Database/nhanes/2011-2012/Laboratory/PBCD_G.xpt","LBDBCDSI","Blood cadmium (nmol/L)"
"2011-2012","metals","PBCD_G","D:/Dev/Bio/nhanes-pfas-albumin-mortality/Database/nhanes/2011-2012/Laboratory/PBCD_G.xpt","LBDBCDLC","Blood cadmium comment code"
"2011-2012","metals","PBCD_G","D:/Dev/Bio/nhanes-pfas-albumin-mortality/Database/nhanes/2011-2012/Laboratory/PBCD_G.xpt","LBXTHG","Blood mercury, total (ug/L)"
"2011-2012","metals","PBCD_G","D:/Dev/Bio/nhanes-pfas-albumin-mortality/Database/nhanes/2011-2012/Laboratory/PBCD_G.xpt","LBDTHGSI","Blood mercury, total (umol/L)"
"2011-2012","metals","PBCD_G","D:/Dev/Bio/nhanes-pfas-albumin-mortality/Database/nhanes/2011-2012/Laboratory/PBCD_G.xpt","LBDTHGLC","Blood mercury, total comment code"
"2011-2012","metals","PBCD_G","D:/Dev/Bio/nhanes-pfas-albumin-mortality/Database/nhanes/2011-2012/Laboratory/PBCD_G.xpt","LBXBSE","Blood selenium (ug/L)"
"2011-2012","metals","PBCD_G","D:/Dev/Bio/nhanes-pfas-albumin-mortality/Database/nhanes/2011-2012/Laboratory/PBCD_G.xpt","LBDBSESI","Blood selenium (umol/L)"
"2011-2012","metals","PBCD_G","D:/Dev/Bio/nhanes-pfas-albumin-mortality/Database/nhanes/2011-2012/Laboratory/PBCD_G.xpt","LBDBSELC","Blood selenium comment code"
"2011-2012","metals","PBCD_G","D:/Dev/Bio/nhanes-pfas-albumin-mortality/Database/nhanes/2011-2012/Laboratory/PBCD_G.xpt","LBXBMN","Blood manganese (ug/L)"
"2011-2012","metals","PBCD_G","D:/Dev/Bio/nhanes-pfas-albumin-mortality/Database/nhanes/2011-2012/Laboratory/PBCD_G.xpt","LBDBMNSI","Blood manganese (umol/L)"
"2011-2012","metals","PBCD_G","D:/Dev/Bio/nhanes-pfas-albumin-mortality/Database/nhanes/2011-2012/Laboratory/PBCD_G.xpt","LBDBMNLC","Blood manganese comment code"
"2011-2012","pfas_standard","PFC_G","D:/Dev/Bio/nhanes-pfas-albumin-mortality/Database/nhanes/2011-2012/Laboratory/PFC_G.xpt","SEQN","Respondent sequence number"
"2011-2012","pfas_standard","PFC_G","D:/Dev/Bio/nhanes-pfas-albumin-mortality/Database/nhanes/2011-2012/Laboratory/PFC_G.xpt","WTSA2YR","Subsample A weights"
"2011-2012","pfas_standard","PFC_G","D:/Dev/Bio/nhanes-pfas-albumin-mortality/Database/nhanes/2011-2012/Laboratory/PFC_G.xpt","LBXEPAH","2-(N-ethyl-PFOSA) acetate"
"2011-2012","pfas_standard","PFC_G","D:/Dev/Bio/nhanes-pfas-albumin-mortality/Database/nhanes/2011-2012/Laboratory/PFC_G.xpt","LBDEPAHL","2-(N-ethyl-PFOSA) acetate comment"
"2011-2012","pfas_standard","PFC_G","D:/Dev/Bio/nhanes-pfas-albumin-mortality/Database/nhanes/2011-2012/Laboratory/PFC_G.xpt","LBXPFDE","Perfluorodecanoic acid"
"2011-2012","pfas_standard","PFC_G","D:/Dev/Bio/nhanes-pfas-albumin-mortality/Database/nhanes/2011-2012/Laboratory/PFC_G.xpt","LBDPFDEL","Perfluorodecanoic acid comment"
"2011-2012","pfas_standard","PFC_G","D:/Dev/Bio/nhanes-pfas-albumin-mortality/Database/nhanes/2011-2012/Laboratory/PFC_G.xpt","LBXPFOA","Perfluorooctanoic acid"
"2011-2012","pfas_standard","PFC_G","D:/Dev/Bio/nhanes-pfas-albumin-mortality/Database/nhanes/2011-2012/Laboratory/PFC_G.xpt","LBDPFOAL","Perfluorooctanoic acid comment"
"2011-2012","pfas_standard","PFC_G","D:/Dev/Bio/nhanes-pfas-albumin-mortality/Database/nhanes/2011-2012/Laboratory/PFC_G.xpt","LBXPFOS","Perfluorooctane sulfonic acid"
"2011-2012","pfas_standard","PFC_G","D:/Dev/Bio/nhanes-pfas-albumin-mortality/Database/nhanes/2011-2012/Laboratory/PFC_G.xpt","LBDPFOSL","Perfluorooctane sulfonic acid comment"
"2011-2012","pfas_standard","PFC_G","D:/Dev/Bio/nhanes-pfas-albumin-mortality/Database/nhanes/2011-2012/Laboratory/PFC_G.xpt","LBXPFHS","Perfluorohexane sulfonic acid"
"2011-2012","pfas_standard","PFC_G","D:/Dev/Bio/nhanes-pfas-albumin-mortality/Database/nhanes/2011-2012/Laboratory/PFC_G.xpt","LBDPFHSL","Perfluorohexane sulfonic acid comment"
"2011-2012","pfas_standard","PFC_G","D:/Dev/Bio/nhanes-pfas-albumin-mortality/Database/nhanes/2011-2012/Laboratory/PFC_G.xpt","LBXMPAH","2-(N-methyl-PFOSA) acetate"
"2011-2012","pfas_standard","PFC_G","D:/Dev/Bio/nhanes-pfas-albumin-mortality/Database/nhanes/2011-2012/Laboratory/PFC_G.xpt","LBDMPAHL","2-(N-methyl-PFOSA) acetate comment"
"2011-2012","pfas_standard","PFC_G","D:/Dev/Bio/nhanes-pfas-albumin-mortality/Database/nhanes/2011-2012/Laboratory/PFC_G.xpt","LBXPFBS","Perfluorobutane sulfonic acid"
"2011-2012","pfas_standard","PFC_G","D:/Dev/Bio/nhanes-pfas-albumin-mortality/Database/nhanes/2011-2012/Laboratory/PFC_G.xpt","LBDPFBSL","Perfluorobutane sulfonic acid comment"
"2011-2012","pfas_standard","PFC_G","D:/Dev/Bio/nhanes-pfas-albumin-mortality/Database/nhanes/2011-2012/Laboratory/PFC_G.xpt","LBXPFHP","Perfluoroheptanoic acid"
"2011-2012","pfas_standard","PFC_G","D:/Dev/Bio/nhanes-pfas-albumin-mortality/Database/nhanes/2011-2012/Laboratory/PFC_G.xpt","LBDPFHPL","Perfluoroheptanoic acid comment"
"2011-2012","pfas_standard","PFC_G","D:/Dev/Bio/nhanes-pfas-albumin-mortality/Database/nhanes/2011-2012/Laboratory/PFC_G.xpt","LBXPFNA","Perfluorononanoic acid"
"2011-2012","pfas_standard","PFC_G","D:/Dev/Bio/nhanes-pfas-albumin-mortality/Database/nhanes/2011-2012/Laboratory/PFC_G.xpt","LBDPFNAL","Perfluorononanoic acid comment"
"2011-2012","pfas_standard","PFC_G","D:/Dev/Bio/nhanes-pfas-albumin-mortality/Database/nhanes/2011-2012/Laboratory/PFC_G.xpt","LBXPFSA","Perfluorooctane sulfonamide"
"2011-2012","pfas_standard","PFC_G","D:/Dev/Bio/nhanes-pfas-albumin-mortality/Database/nhanes/2011-2012/Laboratory/PFC_G.xpt","LBDPFSAL","Perfluorooctane sulfonamide comment"
"2011-2012","pfas_standard","PFC_G","D:/Dev/Bio/nhanes-pfas-albumin-mortality/Database/nhanes/2011-2012/Laboratory/PFC_G.xpt","LBXPFUA","Perfluoroundecanoic acid"
"2011-2012","pfas_standard","PFC_G","D:/Dev/Bio/nhanes-pfas-albumin-mortality/Database/nhanes/2011-2012/Laboratory/PFC_G.xpt","LBDPFUAL","Perfluoroundecanoic acid comment"
"2011-2012","pfas_standard","PFC_G","D:/Dev/Bio/nhanes-pfas-albumin-mortality/Database/nhanes/2011-2012/Laboratory/PFC_G.xpt","LBXPFDO","Perfluorododecanoic acid"
"2011-2012","pfas_standard","PFC_G","D:/Dev/Bio/nhanes-pfas-albumin-mortality/Database/nhanes/2011-2012/Laboratory/PFC_G.xpt","LBDPFDOL","Perfluorododecanoic acid comment"
"2013-2014","demo","DEMO_H","D:/Dev/Bio/nhanes-pfas-albumin-mortality/Database/nhanes/2013-2014/Demographics/DEMO_H.xpt","SEQN","Respondent sequence number"
"2013-2014","demo","DEMO_H","D:/Dev/Bio/nhanes-pfas-albumin-mortality/Database/nhanes/2013-2014/Demographics/DEMO_H.xpt","SDDSRVYR","Data release cycle"
"2013-2014","demo","DEMO_H","D:/Dev/Bio/nhanes-pfas-albumin-mortality/Database/nhanes/2013-2014/Demographics/DEMO_H.xpt","RIDSTATR","Interview/Examination status"
"2013-2014","demo","DEMO_H","D:/Dev/Bio/nhanes-pfas-albumin-mortality/Database/nhanes/2013-2014/Demographics/DEMO_H.xpt","RIAGENDR","Gender"
"2013-2014","demo","DEMO_H","D:/Dev/Bio/nhanes-pfas-albumin-mortality/Database/nhanes/2013-2014/Demographics/DEMO_H.xpt","RIDAGEYR","Age in years at screening"
"2013-2014","demo","DEMO_H","D:/Dev/Bio/nhanes-pfas-albumin-mortality/Database/nhanes/2013-2014/Demographics/DEMO_H.xpt","RIDAGEMN","Age in months at screening - 0 to 24 mos"
"2013-2014","demo","DEMO_H","D:/Dev/Bio/nhanes-pfas-albumin-mortality/Database/nhanes/2013-2014/Demographics/DEMO_H.xpt","RIDRETH1","Race/Hispanic origin"
"2013-2014","demo","DEMO_H","D:/Dev/Bio/nhanes-pfas-albumin-mortality/Database/nhanes/2013-2014/Demographics/DEMO_H.xpt","RIDRETH3","Race/Hispanic origin w/ NH Asian"
"2013-2014","demo","DEMO_H","D:/Dev/Bio/nhanes-pfas-albumin-mortality/Database/nhanes/2013-2014/Demographics/DEMO_H.xpt","RIDEXMON","Six month time period"
"2013-2014","demo","DEMO_H","D:/Dev/Bio/nhanes-pfas-albumin-mortality/Database/nhanes/2013-2014/Demographics/DEMO_H.xpt","RIDEXAGM","Age in months at exam - 0 to 19 years"
"2013-2014","demo","DEMO_H","D:/Dev/Bio/nhanes-pfas-albumin-mortality/Database/nhanes/2013-2014/Demographics/DEMO_H.xpt","DMQMILIZ","Served active duty in US Armed Forces"
"2013-2014","demo","DEMO_H","D:/Dev/Bio/nhanes-pfas-albumin-mortality/Database/nhanes/2013-2014/Demographics/DEMO_H.xpt","DMQADFC","Served in a foreign country"
"2013-2014","demo","DEMO_H","D:/Dev/Bio/nhanes-pfas-albumin-mortality/Database/nhanes/2013-2014/Demographics/DEMO_H.xpt","DMDBORN4","Country of birth"
"2013-2014","demo","DEMO_H","D:/Dev/Bio/nhanes-pfas-albumin-mortality/Database/nhanes/2013-2014/Demographics/DEMO_H.xpt","DMDCITZN","Citizenship status"
"2013-2014","demo","DEMO_H","D:/Dev/Bio/nhanes-pfas-albumin-mortality/Database/nhanes/2013-2014/Demographics/DEMO_H.xpt","DMDYRSUS","Length of time in US"
"2013-2014","demo","DEMO_H","D:/Dev/Bio/nhanes-pfas-albumin-mortality/Database/nhanes/2013-2014/Demographics/DEMO_H.xpt","DMDEDUC3","Education level - Children/Youth 6-19"
"2013-2014","demo","DEMO_H","D:/Dev/Bio/nhanes-pfas-albumin-mortality/Database/nhanes/2013-2014/Demographics/DEMO_H.xpt","DMDEDUC2","Education level - Adults 20+"
"2013-2014","demo","DEMO_H","D:/Dev/Bio/nhanes-pfas-albumin-mortality/Database/nhanes/2013-2014/Demographics/DEMO_H.xpt","DMDMARTL","Marital status"
"2013-2014","demo","DEMO_H","D:/Dev/Bio/nhanes-pfas-albumin-mortality/Database/nhanes/2013-2014/Demographics/DEMO_H.xpt","RIDEXPRG","Pregnancy status at exam"
"2013-2014","demo","DEMO_H","D:/Dev/Bio/nhanes-pfas-albumin-mortality/Database/nhanes/2013-2014/Demographics/DEMO_H.xpt","SIALANG","Language of SP Interview"
"2013-2014","demo","DEMO_H","D:/Dev/Bio/nhanes-pfas-albumin-mortality/Database/nhanes/2013-2014/Demographics/DEMO_H.xpt","SIAPROXY","Proxy used in SP Interview?"
"2013-2014","demo","DEMO_H","D:/Dev/Bio/nhanes-pfas-albumin-mortality/Database/nhanes/2013-2014/Demographics/DEMO_H.xpt","SIAINTRP","Interpreter used in SP Interview?"
"2013-2014","demo","DEMO_H","D:/Dev/Bio/nhanes-pfas-albumin-mortality/Database/nhanes/2013-2014/Demographics/DEMO_H.xpt","FIALANG","Language of Family Interview"
"2013-2014","demo","DEMO_H","D:/Dev/Bio/nhanes-pfas-albumin-mortality/Database/nhanes/2013-2014/Demographics/DEMO_H.xpt","FIAPROXY","Proxy used in Family Interview?"
"2013-2014","demo","DEMO_H","D:/Dev/Bio/nhanes-pfas-albumin-mortality/Database/nhanes/2013-2014/Demographics/DEMO_H.xpt","FIAINTRP","Interpreter used in Family Interview?"
"2013-2014","demo","DEMO_H","D:/Dev/Bio/nhanes-pfas-albumin-mortality/Database/nhanes/2013-2014/Demographics/DEMO_H.xpt","MIALANG","Language of MEC Interview"
"2013-2014","demo","DEMO_H","D:/Dev/Bio/nhanes-pfas-albumin-mortality/Database/nhanes/2013-2014/Demographics/DEMO_H.xpt","MIAPROXY","Proxy used in MEC Interview?"
"2013-2014","demo","DEMO_H","D:/Dev/Bio/nhanes-pfas-albumin-mortality/Database/nhanes/2013-2014/Demographics/DEMO_H.xpt","MIAINTRP","Interpreter used in MEC Interview?"
"2013-2014","demo","DEMO_H","D:/Dev/Bio/nhanes-pfas-albumin-mortality/Database/nhanes/2013-2014/Demographics/DEMO_H.xpt","AIALANGA","Language of ACASI Interview"
"2013-2014","demo","DEMO_H","D:/Dev/Bio/nhanes-pfas-albumin-mortality/Database/nhanes/2013-2014/Demographics/DEMO_H.xpt","DMDHHSIZ","Total number of people in the Household"
"2013-2014","demo","DEMO_H","D:/Dev/Bio/nhanes-pfas-albumin-mortality/Database/nhanes/2013-2014/Demographics/DEMO_H.xpt","DMDFMSIZ","Total number of people in the Family"
"2013-2014","demo","DEMO_H","D:/Dev/Bio/nhanes-pfas-albumin-mortality/Database/nhanes/2013-2014/Demographics/DEMO_H.xpt","DMDHHSZA","# of children 5 years or younger in HH"
"2013-2014","demo","DEMO_H","D:/Dev/Bio/nhanes-pfas-albumin-mortality/Database/nhanes/2013-2014/Demographics/DEMO_H.xpt","DMDHHSZB","# of children 6-17 years old in HH"
"2013-2014","demo","DEMO_H","D:/Dev/Bio/nhanes-pfas-albumin-mortality/Database/nhanes/2013-2014/Demographics/DEMO_H.xpt","DMDHHSZE","# of adults 60 years or older in HH"
"2013-2014","demo","DEMO_H","D:/Dev/Bio/nhanes-pfas-albumin-mortality/Database/nhanes/2013-2014/Demographics/DEMO_H.xpt","DMDHRGND","HH ref person's gender"
"2013-2014","demo","DEMO_H","D:/Dev/Bio/nhanes-pfas-albumin-mortality/Database/nhanes/2013-2014/Demographics/DEMO_H.xpt","DMDHRAGE","HH ref person's age in years"
"2013-2014","demo","DEMO_H","D:/Dev/Bio/nhanes-pfas-albumin-mortality/Database/nhanes/2013-2014/Demographics/DEMO_H.xpt","DMDHRBR4","HH ref person's country of birth"
"2013-2014","demo","DEMO_H","D:/Dev/Bio/nhanes-pfas-albumin-mortality/Database/nhanes/2013-2014/Demographics/DEMO_H.xpt","DMDHREDU","HH ref person's education level"
"2013-2014","demo","DEMO_H","D:/Dev/Bio/nhanes-pfas-albumin-mortality/Database/nhanes/2013-2014/Demographics/DEMO_H.xpt","DMDHRMAR","HH ref person's marital status"
"2013-2014","demo","DEMO_H","D:/Dev/Bio/nhanes-pfas-albumin-mortality/Database/nhanes/2013-2014/Demographics/DEMO_H.xpt","DMDHSEDU","HH ref person's spouse's education level"
"2013-2014","demo","DEMO_H","D:/Dev/Bio/nhanes-pfas-albumin-mortality/Database/nhanes/2013-2014/Demographics/DEMO_H.xpt","WTINT2YR","Full sample 2 year interview weight"
"2013-2014","demo","DEMO_H","D:/Dev/Bio/nhanes-pfas-albumin-mortality/Database/nhanes/2013-2014/Demographics/DEMO_H.xpt","WTMEC2YR","Full sample 2 year MEC exam weight"
"2013-2014","demo","DEMO_H","D:/Dev/Bio/nhanes-pfas-albumin-mortality/Database/nhanes/2013-2014/Demographics/DEMO_H.xpt","SDMVPSU","Masked variance pseudo-PSU"
"2013-2014","demo","DEMO_H","D:/Dev/Bio/nhanes-pfas-albumin-mortality/Database/nhanes/2013-2014/Demographics/DEMO_H.xpt","SDMVSTRA","Masked variance pseudo-stratum"
"2013-2014","demo","DEMO_H","D:/Dev/Bio/nhanes-pfas-albumin-mortality/Database/nhanes/2013-2014/Demographics/DEMO_H.xpt","INDHHIN2","Annual household income"
"2013-2014","demo","DEMO_H","D:/Dev/Bio/nhanes-pfas-albumin-mortality/Database/nhanes/2013-2014/Demographics/DEMO_H.xpt","INDFMIN2","Annual family income"
"2013-2014","demo","DEMO_H","D:/Dev/Bio/nhanes-pfas-albumin-mortality/Database/nhanes/2013-2014/Demographics/DEMO_H.xpt","INDFMPIR","Ratio of family income to poverty"
"2013-2014","biochemistry","BIOPRO_H","D:/Dev/Bio/nhanes-pfas-albumin-mortality/Database/nhanes/2013-2014/Laboratory/BIOPRO_H.xpt","SEQN","Respondent sequence number"
"2013-2014","biochemistry","BIOPRO_H","D:/Dev/Bio/nhanes-pfas-albumin-mortality/Database/nhanes/2013-2014/Laboratory/BIOPRO_H.xpt","LBXSAL","Albumin (g/dL)"
"2013-2014","biochemistry","BIOPRO_H","D:/Dev/Bio/nhanes-pfas-albumin-mortality/Database/nhanes/2013-2014/Laboratory/BIOPRO_H.xpt","LBDSALSI","Albumin (g/L)"
"2013-2014","biochemistry","BIOPRO_H","D:/Dev/Bio/nhanes-pfas-albumin-mortality/Database/nhanes/2013-2014/Laboratory/BIOPRO_H.xpt","LBXSAPSI","Alkaline phosphatase (IU/L)"
"2013-2014","biochemistry","BIOPRO_H","D:/Dev/Bio/nhanes-pfas-albumin-mortality/Database/nhanes/2013-2014/Laboratory/BIOPRO_H.xpt","LBXSASSI","Aspartate aminotransferase AST (U/L)"
"2013-2014","biochemistry","BIOPRO_H","D:/Dev/Bio/nhanes-pfas-albumin-mortality/Database/nhanes/2013-2014/Laboratory/BIOPRO_H.xpt","LBXSATSI","Alanine aminotransferase ALT (U/L)"
"2013-2014","biochemistry","BIOPRO_H","D:/Dev/Bio/nhanes-pfas-albumin-mortality/Database/nhanes/2013-2014/Laboratory/BIOPRO_H.xpt","LBXSBU","Blood urea nitrogen (mg/dL)"
"2013-2014","biochemistry","BIOPRO_H","D:/Dev/Bio/nhanes-pfas-albumin-mortality/Database/nhanes/2013-2014/Laboratory/BIOPRO_H.xpt","LBDSBUSI","Blood urea nitrogen (mmol/L)"
"2013-2014","biochemistry","BIOPRO_H","D:/Dev/Bio/nhanes-pfas-albumin-mortality/Database/nhanes/2013-2014/Laboratory/BIOPRO_H.xpt","LBXSC3SI","Bicarbonate (mmol/L)"
"2013-2014","biochemistry","BIOPRO_H","D:/Dev/Bio/nhanes-pfas-albumin-mortality/Database/nhanes/2013-2014/Laboratory/BIOPRO_H.xpt","LBXSCA","Total calcium (mg/dL)"
"2013-2014","biochemistry","BIOPRO_H","D:/Dev/Bio/nhanes-pfas-albumin-mortality/Database/nhanes/2013-2014/Laboratory/BIOPRO_H.xpt","LBDSCASI","Total calcium (mmol/L)"
"2013-2014","biochemistry","BIOPRO_H","D:/Dev/Bio/nhanes-pfas-albumin-mortality/Database/nhanes/2013-2014/Laboratory/BIOPRO_H.xpt","LBXSCH","Cholesterol (mg/dL)"
"2013-2014","biochemistry","BIOPRO_H","D:/Dev/Bio/nhanes-pfas-albumin-mortality/Database/nhanes/2013-2014/Laboratory/BIOPRO_H.xpt","LBDSCHSI","Cholesterol (mmol/L)"
"2013-2014","biochemistry","BIOPRO_H","D:/Dev/Bio/nhanes-pfas-albumin-mortality/Database/nhanes/2013-2014/Laboratory/BIOPRO_H.xpt","LBXSCK","Creatine Phosphokinase(CPK) (IU/L)"
"2013-2014","biochemistry","BIOPRO_H","D:/Dev/Bio/nhanes-pfas-albumin-mortality/Database/nhanes/2013-2014/Laboratory/BIOPRO_H.xpt","LBXSCLSI","Chloride (mmol/L)"
"2013-2014","biochemistry","BIOPRO_H","D:/Dev/Bio/nhanes-pfas-albumin-mortality/Database/nhanes/2013-2014/Laboratory/BIOPRO_H.xpt","LBXSCR","Creatinine (mg/dL)"
"2013-2014","biochemistry","BIOPRO_H","D:/Dev/Bio/nhanes-pfas-albumin-mortality/Database/nhanes/2013-2014/Laboratory/BIOPRO_H.xpt","LBDSCRSI","Creatinine (umol/L)"
"2013-2014","biochemistry","BIOPRO_H","D:/Dev/Bio/nhanes-pfas-albumin-mortality/Database/nhanes/2013-2014/Laboratory/BIOPRO_H.xpt","LBXSGB","Globulin (g/dL)"
"2013-2014","biochemistry","BIOPRO_H","D:/Dev/Bio/nhanes-pfas-albumin-mortality/Database/nhanes/2013-2014/Laboratory/BIOPRO_H.xpt","LBDSGBSI","Globulin (g/L)"
"2013-2014","biochemistry","BIOPRO_H","D:/Dev/Bio/nhanes-pfas-albumin-mortality/Database/nhanes/2013-2014/Laboratory/BIOPRO_H.xpt","LBXSGL","Glucose, refrigerated serum (mg/dL)"
"2013-2014","biochemistry","BIOPRO_H","D:/Dev/Bio/nhanes-pfas-albumin-mortality/Database/nhanes/2013-2014/Laboratory/BIOPRO_H.xpt","LBDSGLSI","Glucose, refrigerated serum (mmol/L)"
"2013-2014","biochemistry","BIOPRO_H","D:/Dev/Bio/nhanes-pfas-albumin-mortality/Database/nhanes/2013-2014/Laboratory/BIOPRO_H.xpt","LBXSGTSI","Gamma glutamyl transferase (U/L)"
"2013-2014","biochemistry","BIOPRO_H","D:/Dev/Bio/nhanes-pfas-albumin-mortality/Database/nhanes/2013-2014/Laboratory/BIOPRO_H.xpt","LBXSIR","Iron, refrigerated serum (ug/dL)"
"2013-2014","biochemistry","BIOPRO_H","D:/Dev/Bio/nhanes-pfas-albumin-mortality/Database/nhanes/2013-2014/Laboratory/BIOPRO_H.xpt","LBDSIRSI","Iron, refrigerated serum  (umol/L)"
"2013-2014","biochemistry","BIOPRO_H","D:/Dev/Bio/nhanes-pfas-albumin-mortality/Database/nhanes/2013-2014/Laboratory/BIOPRO_H.xpt","LBXSKSI","Potassium (mmol/L)"
"2013-2014","biochemistry","BIOPRO_H","D:/Dev/Bio/nhanes-pfas-albumin-mortality/Database/nhanes/2013-2014/Laboratory/BIOPRO_H.xpt","LBXSLDSI","Lactate dehydrogenase (U/L)"
"2013-2014","biochemistry","BIOPRO_H","D:/Dev/Bio/nhanes-pfas-albumin-mortality/Database/nhanes/2013-2014/Laboratory/BIOPRO_H.xpt","LBXSNASI","Sodium (mmol/L)"
"2013-2014","biochemistry","BIOPRO_H","D:/Dev/Bio/nhanes-pfas-albumin-mortality/Database/nhanes/2013-2014/Laboratory/BIOPRO_H.xpt","LBXSOSSI","Osmolality (mmol/Kg)"
"2013-2014","biochemistry","BIOPRO_H","D:/Dev/Bio/nhanes-pfas-albumin-mortality/Database/nhanes/2013-2014/Laboratory/BIOPRO_H.xpt","LBXSPH","Phosphorus (mg/dL)"
"2013-2014","biochemistry","BIOPRO_H","D:/Dev/Bio/nhanes-pfas-albumin-mortality/Database/nhanes/2013-2014/Laboratory/BIOPRO_H.xpt","LBDSPHSI","Phosphorus (mmol/L)"
"2013-2014","biochemistry","BIOPRO_H","D:/Dev/Bio/nhanes-pfas-albumin-mortality/Database/nhanes/2013-2014/Laboratory/BIOPRO_H.xpt","LBXSTB","Total bilirubin (mg/dL)"
"2013-2014","biochemistry","BIOPRO_H","D:/Dev/Bio/nhanes-pfas-albumin-mortality/Database/nhanes/2013-2014/Laboratory/BIOPRO_H.xpt","LBDSTBSI","Total bilirubin (umol/L)"
"2013-2014","biochemistry","BIOPRO_H","D:/Dev/Bio/nhanes-pfas-albumin-mortality/Database/nhanes/2013-2014/Laboratory/BIOPRO_H.xpt","LBXSTP","Total protein (g/dL)"
"2013-2014","biochemistry","BIOPRO_H","D:/Dev/Bio/nhanes-pfas-albumin-mortality/Database/nhanes/2013-2014/Laboratory/BIOPRO_H.xpt","LBDSTPSI","Total protein (g/L)"
"2013-2014","biochemistry","BIOPRO_H","D:/Dev/Bio/nhanes-pfas-albumin-mortality/Database/nhanes/2013-2014/Laboratory/BIOPRO_H.xpt","LBXSTR","Triglycerides, refrigerated (mg/dL)"
"2013-2014","biochemistry","BIOPRO_H","D:/Dev/Bio/nhanes-pfas-albumin-mortality/Database/nhanes/2013-2014/Laboratory/BIOPRO_H.xpt","LBDSTRSI","Triglycerides, refrigerated  (mmol/L)"
"2013-2014","biochemistry","BIOPRO_H","D:/Dev/Bio/nhanes-pfas-albumin-mortality/Database/nhanes/2013-2014/Laboratory/BIOPRO_H.xpt","LBXSUA","Uric acid (mg/dL)"
"2013-2014","biochemistry","BIOPRO_H","D:/Dev/Bio/nhanes-pfas-albumin-mortality/Database/nhanes/2013-2014/Laboratory/BIOPRO_H.xpt","LBDSUASI","Uric acid (umol/L)"
"2013-2014","metals","PBCD_H","D:/Dev/Bio/nhanes-pfas-albumin-mortality/Database/nhanes/2013-2014/Laboratory/PBCD_H.xpt","SEQN","Respondent sequence number"
"2013-2014","metals","PBCD_H","D:/Dev/Bio/nhanes-pfas-albumin-mortality/Database/nhanes/2013-2014/Laboratory/PBCD_H.xpt","WTSH2YR","Blood metal weights"
"2013-2014","metals","PBCD_H","D:/Dev/Bio/nhanes-pfas-albumin-mortality/Database/nhanes/2013-2014/Laboratory/PBCD_H.xpt","LBXBPB","Blood lead (ug/dL)"
"2013-2014","metals","PBCD_H","D:/Dev/Bio/nhanes-pfas-albumin-mortality/Database/nhanes/2013-2014/Laboratory/PBCD_H.xpt","LBDBPBSI","Blood lead (umol/L)"
"2013-2014","metals","PBCD_H","D:/Dev/Bio/nhanes-pfas-albumin-mortality/Database/nhanes/2013-2014/Laboratory/PBCD_H.xpt","LBDBPBLC","Blood lead comment code"
"2013-2014","metals","PBCD_H","D:/Dev/Bio/nhanes-pfas-albumin-mortality/Database/nhanes/2013-2014/Laboratory/PBCD_H.xpt","LBXBCD","Blood cadmium (ug/L)"
"2013-2014","metals","PBCD_H","D:/Dev/Bio/nhanes-pfas-albumin-mortality/Database/nhanes/2013-2014/Laboratory/PBCD_H.xpt","LBDBCDSI","Blood cadmium (umol/L)"
"2013-2014","metals","PBCD_H","D:/Dev/Bio/nhanes-pfas-albumin-mortality/Database/nhanes/2013-2014/Laboratory/PBCD_H.xpt","LBDBCDLC","Blood cadmium comment code"
"2013-2014","metals","PBCD_H","D:/Dev/Bio/nhanes-pfas-albumin-mortality/Database/nhanes/2013-2014/Laboratory/PBCD_H.xpt","LBXTHG","Blood mercury, total (ug/L)"
"2013-2014","metals","PBCD_H","D:/Dev/Bio/nhanes-pfas-albumin-mortality/Database/nhanes/2013-2014/Laboratory/PBCD_H.xpt","LBDTHGSI","Blood mercury, total (umol/L)"
"2013-2014","metals","PBCD_H","D:/Dev/Bio/nhanes-pfas-albumin-mortality/Database/nhanes/2013-2014/Laboratory/PBCD_H.xpt","LBDTHGLC","Blood mercury, total comment code"
"2013-2014","metals","PBCD_H","D:/Dev/Bio/nhanes-pfas-albumin-mortality/Database/nhanes/2013-2014/Laboratory/PBCD_H.xpt","LBXBSE","Blood selenium (ug/L)"
"2013-2014","metals","PBCD_H","D:/Dev/Bio/nhanes-pfas-albumin-mortality/Database/nhanes/2013-2014/Laboratory/PBCD_H.xpt","LBDBSESI","Blood selenium (umol/L)"
"2013-2014","metals","PBCD_H","D:/Dev/Bio/nhanes-pfas-albumin-mortality/Database/nhanes/2013-2014/Laboratory/PBCD_H.xpt","LBDBSELC","Blood selenium comment code"
"2013-2014","metals","PBCD_H","D:/Dev/Bio/nhanes-pfas-albumin-mortality/Database/nhanes/2013-2014/Laboratory/PBCD_H.xpt","LBXBMN","Blood manganese (ug/L)"
"2013-2014","metals","PBCD_H","D:/Dev/Bio/nhanes-pfas-albumin-mortality/Database/nhanes/2013-2014/Laboratory/PBCD_H.xpt","LBDBMNSI","Blood manganese (umol/L)"
"2013-2014","metals","PBCD_H","D:/Dev/Bio/nhanes-pfas-albumin-mortality/Database/nhanes/2013-2014/Laboratory/PBCD_H.xpt","LBDBMNLC","Blood manganese comment code"
"2013-2014","pfas_standard","PFAS_H","D:/Dev/Bio/nhanes-pfas-albumin-mortality/Database/nhanes/2013-2014/Laboratory/PFAS_H.xpt","SEQN","Respondent sequence number"
"2013-2014","pfas_standard","PFAS_H","D:/Dev/Bio/nhanes-pfas-albumin-mortality/Database/nhanes/2013-2014/Laboratory/PFAS_H.xpt","WTSB2YR","Subsample B weights"
"2013-2014","pfas_standard","PFAS_H","D:/Dev/Bio/nhanes-pfas-albumin-mortality/Database/nhanes/2013-2014/Laboratory/PFAS_H.xpt","LBXPFDE","Perfluorodecanoic acid (ug/L)"
"2013-2014","pfas_standard","PFAS_H","D:/Dev/Bio/nhanes-pfas-albumin-mortality/Database/nhanes/2013-2014/Laboratory/PFAS_H.xpt","LBDPFDEL","Perfluorodecanoic acid comment"
"2013-2014","pfas_standard","PFAS_H","D:/Dev/Bio/nhanes-pfas-albumin-mortality/Database/nhanes/2013-2014/Laboratory/PFAS_H.xpt","LBXPFHS","Perfluorohexane sulfonic acid (ug/L)"
"2013-2014","pfas_standard","PFAS_H","D:/Dev/Bio/nhanes-pfas-albumin-mortality/Database/nhanes/2013-2014/Laboratory/PFAS_H.xpt","LBDPFHSL","Perfluorohexane sulfonic acid comment"
"2013-2014","pfas_standard","PFAS_H","D:/Dev/Bio/nhanes-pfas-albumin-mortality/Database/nhanes/2013-2014/Laboratory/PFAS_H.xpt","LBXMPAH","2-(N-methyl-PFOSA) acetate (ug/L)"
"2013-2014","pfas_standard","PFAS_H","D:/Dev/Bio/nhanes-pfas-albumin-mortality/Database/nhanes/2013-2014/Laboratory/PFAS_H.xpt","LBDMPAHL","2-(N-methyl-PFOSA) acetate comment"
"2013-2014","pfas_standard","PFAS_H","D:/Dev/Bio/nhanes-pfas-albumin-mortality/Database/nhanes/2013-2014/Laboratory/PFAS_H.xpt","LBXPFBS","Perfluorobutane sulfonic acid (ug/L)"
"2013-2014","pfas_standard","PFAS_H","D:/Dev/Bio/nhanes-pfas-albumin-mortality/Database/nhanes/2013-2014/Laboratory/PFAS_H.xpt","LBDPFBSL","Perfluorobutane sulfonic acid comment"
"2013-2014","pfas_standard","PFAS_H","D:/Dev/Bio/nhanes-pfas-albumin-mortality/Database/nhanes/2013-2014/Laboratory/PFAS_H.xpt","LBXPFHP","Perfluoroheptanoic acid (ug/L)"
"2013-2014","pfas_standard","PFAS_H","D:/Dev/Bio/nhanes-pfas-albumin-mortality/Database/nhanes/2013-2014/Laboratory/PFAS_H.xpt","LBDPFHPL","Perfluoroheptanoic acid comment"
"2013-2014","pfas_standard","PFAS_H","D:/Dev/Bio/nhanes-pfas-albumin-mortality/Database/nhanes/2013-2014/Laboratory/PFAS_H.xpt","LBXPFNA","Perfluorononanoic acid (ug/L)"
"2013-2014","pfas_standard","PFAS_H","D:/Dev/Bio/nhanes-pfas-albumin-mortality/Database/nhanes/2013-2014/Laboratory/PFAS_H.xpt","LBDPFNAL","Perfluorononanoic acid comment"
"2013-2014","pfas_standard","PFAS_H","D:/Dev/Bio/nhanes-pfas-albumin-mortality/Database/nhanes/2013-2014/Laboratory/PFAS_H.xpt","LBXPFUA","Perfluoroundecanoic acid (ug/L)"
"2013-2014","pfas_standard","PFAS_H","D:/Dev/Bio/nhanes-pfas-albumin-mortality/Database/nhanes/2013-2014/Laboratory/PFAS_H.xpt","LBDPFUAL","Perfluoroundecanoic acid comment"
"2013-2014","pfas_standard","PFAS_H","D:/Dev/Bio/nhanes-pfas-albumin-mortality/Database/nhanes/2013-2014/Laboratory/PFAS_H.xpt","LBXPFDO","Perfluorododecanoic acid (ug/L)"
"2013-2014","pfas_standard","PFAS_H","D:/Dev/Bio/nhanes-pfas-albumin-mortality/Database/nhanes/2013-2014/Laboratory/PFAS_H.xpt","LBDPFDOL","Perfluorododecanoic acid comment"
"2013-2014","pfas_surplus","SSPFAS_H","D:/Dev/Bio/nhanes-pfas-albumin-mortality/Database/nhanes/2013-2014/Laboratory/SSPFAS_H.xpt","SEQN","Respondent sequence number"
"2013-2014","pfas_surplus","SSPFAS_H","D:/Dev/Bio/nhanes-pfas-albumin-mortality/Database/nhanes/2013-2014/Laboratory/SSPFAS_H.xpt","WTSSBH2Y","Surplus specimen B 13-14 2 year weights"
"2013-2014","pfas_surplus","SSPFAS_H","D:/Dev/Bio/nhanes-pfas-albumin-mortality/Database/nhanes/2013-2014/Laboratory/SSPFAS_H.xpt","SSNPFOA","Linear perfluorooctanoate (ug/L)"
"2013-2014","pfas_surplus","SSPFAS_H","D:/Dev/Bio/nhanes-pfas-albumin-mortality/Database/nhanes/2013-2014/Laboratory/SSPFAS_H.xpt","SDNPFOAL","Linear perfluorooctanoate Comment Code"
"2013-2014","pfas_surplus","SSPFAS_H","D:/Dev/Bio/nhanes-pfas-albumin-mortality/Database/nhanes/2013-2014/Laboratory/SSPFAS_H.xpt","SSBPFOA","Br. iso of perfluorooctanoate (ug/L)"
"2013-2014","pfas_surplus","SSPFAS_H","D:/Dev/Bio/nhanes-pfas-albumin-mortality/Database/nhanes/2013-2014/Laboratory/SSPFAS_H.xpt","SDBPFOAL","Br. iso perfluorooctanoate Comment Code"
"2013-2014","pfas_surplus","SSPFAS_H","D:/Dev/Bio/nhanes-pfas-albumin-mortality/Database/nhanes/2013-2014/Laboratory/SSPFAS_H.xpt","SSNPFOS","Linear perfluorooctane sulfonate (ug/L)"
"2013-2014","pfas_surplus","SSPFAS_H","D:/Dev/Bio/nhanes-pfas-albumin-mortality/Database/nhanes/2013-2014/Laboratory/SSPFAS_H.xpt","SDNPFOSL","Lin. perfluorooctane sulfonate Cmt. Code"
"2013-2014","pfas_surplus","SSPFAS_H","D:/Dev/Bio/nhanes-pfas-albumin-mortality/Database/nhanes/2013-2014/Laboratory/SSPFAS_H.xpt","SSMPFOS","Monomethyl branched iso of PFOS (ug/L)"
"2013-2014","pfas_surplus","SSPFAS_H","D:/Dev/Bio/nhanes-pfas-albumin-mortality/Database/nhanes/2013-2014/Laboratory/SSPFAS_H.xpt","SDMPFOSL","Monomethyl br. iso of PFOS Comment Code"
"2015-2016","demo","DEMO_I","D:/Dev/Bio/nhanes-pfas-albumin-mortality/Database/nhanes/2015-2016/Demographics/DEMO_I.xpt","SEQN","Respondent sequence number"
"2015-2016","demo","DEMO_I","D:/Dev/Bio/nhanes-pfas-albumin-mortality/Database/nhanes/2015-2016/Demographics/DEMO_I.xpt","SDDSRVYR","Data release cycle"
"2015-2016","demo","DEMO_I","D:/Dev/Bio/nhanes-pfas-albumin-mortality/Database/nhanes/2015-2016/Demographics/DEMO_I.xpt","RIDSTATR","Interview/Examination status"
"2015-2016","demo","DEMO_I","D:/Dev/Bio/nhanes-pfas-albumin-mortality/Database/nhanes/2015-2016/Demographics/DEMO_I.xpt","RIAGENDR","Gender"
"2015-2016","demo","DEMO_I","D:/Dev/Bio/nhanes-pfas-albumin-mortality/Database/nhanes/2015-2016/Demographics/DEMO_I.xpt","RIDAGEYR","Age in years at screening"
"2015-2016","demo","DEMO_I","D:/Dev/Bio/nhanes-pfas-albumin-mortality/Database/nhanes/2015-2016/Demographics/DEMO_I.xpt","RIDAGEMN","Age in months at screening - 0 to 24 mos"
"2015-2016","demo","DEMO_I","D:/Dev/Bio/nhanes-pfas-albumin-mortality/Database/nhanes/2015-2016/Demographics/DEMO_I.xpt","RIDRETH1","Race/Hispanic origin"
"2015-2016","demo","DEMO_I","D:/Dev/Bio/nhanes-pfas-albumin-mortality/Database/nhanes/2015-2016/Demographics/DEMO_I.xpt","RIDRETH3","Race/Hispanic origin w/ NH Asian"
"2015-2016","demo","DEMO_I","D:/Dev/Bio/nhanes-pfas-albumin-mortality/Database/nhanes/2015-2016/Demographics/DEMO_I.xpt","RIDEXMON","Six month time period"
"2015-2016","demo","DEMO_I","D:/Dev/Bio/nhanes-pfas-albumin-mortality/Database/nhanes/2015-2016/Demographics/DEMO_I.xpt","RIDEXAGM","Age in months at exam - 0 to 19 years"
"2015-2016","demo","DEMO_I","D:/Dev/Bio/nhanes-pfas-albumin-mortality/Database/nhanes/2015-2016/Demographics/DEMO_I.xpt","DMQMILIZ","Served active duty in US Armed Forces"
"2015-2016","demo","DEMO_I","D:/Dev/Bio/nhanes-pfas-albumin-mortality/Database/nhanes/2015-2016/Demographics/DEMO_I.xpt","DMQADFC","Served in a foreign country"
"2015-2016","demo","DEMO_I","D:/Dev/Bio/nhanes-pfas-albumin-mortality/Database/nhanes/2015-2016/Demographics/DEMO_I.xpt","DMDBORN4","Country of birth"
"2015-2016","demo","DEMO_I","D:/Dev/Bio/nhanes-pfas-albumin-mortality/Database/nhanes/2015-2016/Demographics/DEMO_I.xpt","DMDCITZN","Citizenship status"
"2015-2016","demo","DEMO_I","D:/Dev/Bio/nhanes-pfas-albumin-mortality/Database/nhanes/2015-2016/Demographics/DEMO_I.xpt","DMDYRSUS","Length of time in US"
"2015-2016","demo","DEMO_I","D:/Dev/Bio/nhanes-pfas-albumin-mortality/Database/nhanes/2015-2016/Demographics/DEMO_I.xpt","DMDEDUC3","Education level - Children/Youth 6-19"
"2015-2016","demo","DEMO_I","D:/Dev/Bio/nhanes-pfas-albumin-mortality/Database/nhanes/2015-2016/Demographics/DEMO_I.xpt","DMDEDUC2","Education level - Adults 20+"
"2015-2016","demo","DEMO_I","D:/Dev/Bio/nhanes-pfas-albumin-mortality/Database/nhanes/2015-2016/Demographics/DEMO_I.xpt","DMDMARTL","Marital status"
"2015-2016","demo","DEMO_I","D:/Dev/Bio/nhanes-pfas-albumin-mortality/Database/nhanes/2015-2016/Demographics/DEMO_I.xpt","RIDEXPRG","Pregnancy status at exam"
"2015-2016","demo","DEMO_I","D:/Dev/Bio/nhanes-pfas-albumin-mortality/Database/nhanes/2015-2016/Demographics/DEMO_I.xpt","SIALANG","Language of SP Interview"
"2015-2016","demo","DEMO_I","D:/Dev/Bio/nhanes-pfas-albumin-mortality/Database/nhanes/2015-2016/Demographics/DEMO_I.xpt","SIAPROXY","Proxy used in SP Interview?"
"2015-2016","demo","DEMO_I","D:/Dev/Bio/nhanes-pfas-albumin-mortality/Database/nhanes/2015-2016/Demographics/DEMO_I.xpt","SIAINTRP","Interpreter used in SP Interview?"
"2015-2016","demo","DEMO_I","D:/Dev/Bio/nhanes-pfas-albumin-mortality/Database/nhanes/2015-2016/Demographics/DEMO_I.xpt","FIALANG","Language of Family Interview"
"2015-2016","demo","DEMO_I","D:/Dev/Bio/nhanes-pfas-albumin-mortality/Database/nhanes/2015-2016/Demographics/DEMO_I.xpt","FIAPROXY","Proxy used in Family Interview?"
"2015-2016","demo","DEMO_I","D:/Dev/Bio/nhanes-pfas-albumin-mortality/Database/nhanes/2015-2016/Demographics/DEMO_I.xpt","FIAINTRP","Interpreter used in Family Interview?"
"2015-2016","demo","DEMO_I","D:/Dev/Bio/nhanes-pfas-albumin-mortality/Database/nhanes/2015-2016/Demographics/DEMO_I.xpt","MIALANG","Language of MEC Interview"
"2015-2016","demo","DEMO_I","D:/Dev/Bio/nhanes-pfas-albumin-mortality/Database/nhanes/2015-2016/Demographics/DEMO_I.xpt","MIAPROXY","Proxy used in MEC Interview?"
"2015-2016","demo","DEMO_I","D:/Dev/Bio/nhanes-pfas-albumin-mortality/Database/nhanes/2015-2016/Demographics/DEMO_I.xpt","MIAINTRP","Interpreter used in MEC Interview?"
"2015-2016","demo","DEMO_I","D:/Dev/Bio/nhanes-pfas-albumin-mortality/Database/nhanes/2015-2016/Demographics/DEMO_I.xpt","AIALANGA","Language of ACASI Interview"
"2015-2016","demo","DEMO_I","D:/Dev/Bio/nhanes-pfas-albumin-mortality/Database/nhanes/2015-2016/Demographics/DEMO_I.xpt","DMDHHSIZ","Total number of people in the Household"
"2015-2016","demo","DEMO_I","D:/Dev/Bio/nhanes-pfas-albumin-mortality/Database/nhanes/2015-2016/Demographics/DEMO_I.xpt","DMDFMSIZ","Total number of people in the Family"
"2015-2016","demo","DEMO_I","D:/Dev/Bio/nhanes-pfas-albumin-mortality/Database/nhanes/2015-2016/Demographics/DEMO_I.xpt","DMDHHSZA","# of children 5 years or younger in HH"
"2015-2016","demo","DEMO_I","D:/Dev/Bio/nhanes-pfas-albumin-mortality/Database/nhanes/2015-2016/Demographics/DEMO_I.xpt","DMDHHSZB","# of children 6-17 years old in HH"
"2015-2016","demo","DEMO_I","D:/Dev/Bio/nhanes-pfas-albumin-mortality/Database/nhanes/2015-2016/Demographics/DEMO_I.xpt","DMDHHSZE","# of adults 60 years or older in HH"
"2015-2016","demo","DEMO_I","D:/Dev/Bio/nhanes-pfas-albumin-mortality/Database/nhanes/2015-2016/Demographics/DEMO_I.xpt","DMDHRGND","HH ref person's gender"
"2015-2016","demo","DEMO_I","D:/Dev/Bio/nhanes-pfas-albumin-mortality/Database/nhanes/2015-2016/Demographics/DEMO_I.xpt","DMDHRAGE","HH ref person's age in years"
"2015-2016","demo","DEMO_I","D:/Dev/Bio/nhanes-pfas-albumin-mortality/Database/nhanes/2015-2016/Demographics/DEMO_I.xpt","DMDHRBR4","HH ref person's country of birth"
"2015-2016","demo","DEMO_I","D:/Dev/Bio/nhanes-pfas-albumin-mortality/Database/nhanes/2015-2016/Demographics/DEMO_I.xpt","DMDHREDU","HH ref person's education level"
"2015-2016","demo","DEMO_I","D:/Dev/Bio/nhanes-pfas-albumin-mortality/Database/nhanes/2015-2016/Demographics/DEMO_I.xpt","DMDHRMAR","HH ref person's marital status"
"2015-2016","demo","DEMO_I","D:/Dev/Bio/nhanes-pfas-albumin-mortality/Database/nhanes/2015-2016/Demographics/DEMO_I.xpt","DMDHSEDU","HH ref person's spouse's education level"
"2015-2016","demo","DEMO_I","D:/Dev/Bio/nhanes-pfas-albumin-mortality/Database/nhanes/2015-2016/Demographics/DEMO_I.xpt","WTINT2YR","Full sample 2 year interview weight"
"2015-2016","demo","DEMO_I","D:/Dev/Bio/nhanes-pfas-albumin-mortality/Database/nhanes/2015-2016/Demographics/DEMO_I.xpt","WTMEC2YR","Full sample 2 year MEC exam weight"
"2015-2016","demo","DEMO_I","D:/Dev/Bio/nhanes-pfas-albumin-mortality/Database/nhanes/2015-2016/Demographics/DEMO_I.xpt","SDMVPSU","Masked variance pseudo-PSU"
"2015-2016","demo","DEMO_I","D:/Dev/Bio/nhanes-pfas-albumin-mortality/Database/nhanes/2015-2016/Demographics/DEMO_I.xpt","SDMVSTRA","Masked variance pseudo-stratum"
"2015-2016","demo","DEMO_I","D:/Dev/Bio/nhanes-pfas-albumin-mortality/Database/nhanes/2015-2016/Demographics/DEMO_I.xpt","INDHHIN2","Annual household income"
"2015-2016","demo","DEMO_I","D:/Dev/Bio/nhanes-pfas-albumin-mortality/Database/nhanes/2015-2016/Demographics/DEMO_I.xpt","INDFMIN2","Annual family income"
"2015-2016","demo","DEMO_I","D:/Dev/Bio/nhanes-pfas-albumin-mortality/Database/nhanes/2015-2016/Demographics/DEMO_I.xpt","INDFMPIR","Ratio of family income to poverty"
"2015-2016","biochemistry","BIOPRO_I","D:/Dev/Bio/nhanes-pfas-albumin-mortality/Database/nhanes/2015-2016/Laboratory/BIOPRO_I.xpt","SEQN","Respondent sequence number"
"2015-2016","biochemistry","BIOPRO_I","D:/Dev/Bio/nhanes-pfas-albumin-mortality/Database/nhanes/2015-2016/Laboratory/BIOPRO_I.xpt","LBXSAL","Albumin, refrigerated serum (g/dL)"
"2015-2016","biochemistry","BIOPRO_I","D:/Dev/Bio/nhanes-pfas-albumin-mortality/Database/nhanes/2015-2016/Laboratory/BIOPRO_I.xpt","LBDSALSI","Albumin, refrigerated serum (g/L)"
"2015-2016","biochemistry","BIOPRO_I","D:/Dev/Bio/nhanes-pfas-albumin-mortality/Database/nhanes/2015-2016/Laboratory/BIOPRO_I.xpt","LBXSAPSI","Alkaline Phosphatase (ALP) (IU/L)"
"2015-2016","biochemistry","BIOPRO_I","D:/Dev/Bio/nhanes-pfas-albumin-mortality/Database/nhanes/2015-2016/Laboratory/BIOPRO_I.xpt","LBXSASSI","Aspartate Aminotransferase (AST) (U/L)"
"2015-2016","biochemistry","BIOPRO_I","D:/Dev/Bio/nhanes-pfas-albumin-mortality/Database/nhanes/2015-2016/Laboratory/BIOPRO_I.xpt","LBXSATSI","Alanine Aminotransferase (ALT) (U/L)"
"2015-2016","biochemistry","BIOPRO_I","D:/Dev/Bio/nhanes-pfas-albumin-mortality/Database/nhanes/2015-2016/Laboratory/BIOPRO_I.xpt","LBXSBU","Blood Urea Nitrogen (mg/dL)"
"2015-2016","biochemistry","BIOPRO_I","D:/Dev/Bio/nhanes-pfas-albumin-mortality/Database/nhanes/2015-2016/Laboratory/BIOPRO_I.xpt","LBDSBUSI","Blood Urea Nitrogen (mmol/L)"
"2015-2016","biochemistry","BIOPRO_I","D:/Dev/Bio/nhanes-pfas-albumin-mortality/Database/nhanes/2015-2016/Laboratory/BIOPRO_I.xpt","LBXSC3SI","Bicarbonate (mmol/L)"
"2015-2016","biochemistry","BIOPRO_I","D:/Dev/Bio/nhanes-pfas-albumin-mortality/Database/nhanes/2015-2016/Laboratory/BIOPRO_I.xpt","LBXSCA","Total Calcium (mg/dL)"
"2015-2016","biochemistry","BIOPRO_I","D:/Dev/Bio/nhanes-pfas-albumin-mortality/Database/nhanes/2015-2016/Laboratory/BIOPRO_I.xpt","LBDSCASI","Total Calcium (mmol/L)"
"2015-2016","biochemistry","BIOPRO_I","D:/Dev/Bio/nhanes-pfas-albumin-mortality/Database/nhanes/2015-2016/Laboratory/BIOPRO_I.xpt","LBXSCH","Cholesterol, refrigerated serum (mg/dL)"
"2015-2016","biochemistry","BIOPRO_I","D:/Dev/Bio/nhanes-pfas-albumin-mortality/Database/nhanes/2015-2016/Laboratory/BIOPRO_I.xpt","LBDSCHSI","Cholesterol, refrigerated serum (mmol/L)"
"2015-2016","biochemistry","BIOPRO_I","D:/Dev/Bio/nhanes-pfas-albumin-mortality/Database/nhanes/2015-2016/Laboratory/BIOPRO_I.xpt","LBXSCK","Creatine Phosphokinase (CPK) (IU/L)"
"2015-2016","biochemistry","BIOPRO_I","D:/Dev/Bio/nhanes-pfas-albumin-mortality/Database/nhanes/2015-2016/Laboratory/BIOPRO_I.xpt","LBXSCLSI","Chloride (mmol/L)"
"2015-2016","biochemistry","BIOPRO_I","D:/Dev/Bio/nhanes-pfas-albumin-mortality/Database/nhanes/2015-2016/Laboratory/BIOPRO_I.xpt","LBXSCR","Creatinine, refrigerated serum (mg/dL)"
"2015-2016","biochemistry","BIOPRO_I","D:/Dev/Bio/nhanes-pfas-albumin-mortality/Database/nhanes/2015-2016/Laboratory/BIOPRO_I.xpt","LBDSCRSI","Creatinine, refrigerated serum (umol/L)"
"2015-2016","biochemistry","BIOPRO_I","D:/Dev/Bio/nhanes-pfas-albumin-mortality/Database/nhanes/2015-2016/Laboratory/BIOPRO_I.xpt","LBXSGB","Globulin (g/dL)"
"2015-2016","biochemistry","BIOPRO_I","D:/Dev/Bio/nhanes-pfas-albumin-mortality/Database/nhanes/2015-2016/Laboratory/BIOPRO_I.xpt","LBDSGBSI","Globulin (g/L)"
"2015-2016","biochemistry","BIOPRO_I","D:/Dev/Bio/nhanes-pfas-albumin-mortality/Database/nhanes/2015-2016/Laboratory/BIOPRO_I.xpt","LBXSGL","Glucose, refrigerated serum (mg/dL)"
"2015-2016","biochemistry","BIOPRO_I","D:/Dev/Bio/nhanes-pfas-albumin-mortality/Database/nhanes/2015-2016/Laboratory/BIOPRO_I.xpt","LBDSGLSI","Glucose, refrigerated serum (mmol/L)"
"2015-2016","biochemistry","BIOPRO_I","D:/Dev/Bio/nhanes-pfas-albumin-mortality/Database/nhanes/2015-2016/Laboratory/BIOPRO_I.xpt","LBXSGTSI","Gamma Glutamyl Transferase (GGT) (U/L)"
"2015-2016","biochemistry","BIOPRO_I","D:/Dev/Bio/nhanes-pfas-albumin-mortality/Database/nhanes/2015-2016/Laboratory/BIOPRO_I.xpt","LBXSIR","Iron, refrigerated serum (ug/dL)"
"2015-2016","biochemistry","BIOPRO_I","D:/Dev/Bio/nhanes-pfas-albumin-mortality/Database/nhanes/2015-2016/Laboratory/BIOPRO_I.xpt","LBDSIRSI","Iron, refrigerated serum (umol/L)"
"2015-2016","biochemistry","BIOPRO_I","D:/Dev/Bio/nhanes-pfas-albumin-mortality/Database/nhanes/2015-2016/Laboratory/BIOPRO_I.xpt","LBXSKSI","Potassium (mmol/L)"
"2015-2016","biochemistry","BIOPRO_I","D:/Dev/Bio/nhanes-pfas-albumin-mortality/Database/nhanes/2015-2016/Laboratory/BIOPRO_I.xpt","LBXSLDSI","Lactate Dehydrogenase (LDH) (U/L)"
"2015-2016","biochemistry","BIOPRO_I","D:/Dev/Bio/nhanes-pfas-albumin-mortality/Database/nhanes/2015-2016/Laboratory/BIOPRO_I.xpt","LBXSNASI","Sodium (mmol/L)"
"2015-2016","biochemistry","BIOPRO_I","D:/Dev/Bio/nhanes-pfas-albumin-mortality/Database/nhanes/2015-2016/Laboratory/BIOPRO_I.xpt","LBXSOSSI","Osmolality (mmol/Kg)"
"2015-2016","biochemistry","BIOPRO_I","D:/Dev/Bio/nhanes-pfas-albumin-mortality/Database/nhanes/2015-2016/Laboratory/BIOPRO_I.xpt","LBXSPH","Phosphorus (mg/dL)"
"2015-2016","biochemistry","BIOPRO_I","D:/Dev/Bio/nhanes-pfas-albumin-mortality/Database/nhanes/2015-2016/Laboratory/BIOPRO_I.xpt","LBDSPHSI","Phosphorus (mmol/L)"
"2015-2016","biochemistry","BIOPRO_I","D:/Dev/Bio/nhanes-pfas-albumin-mortality/Database/nhanes/2015-2016/Laboratory/BIOPRO_I.xpt","LBXSTB","Total Bilirubin (mg/dL)"
"2015-2016","biochemistry","BIOPRO_I","D:/Dev/Bio/nhanes-pfas-albumin-mortality/Database/nhanes/2015-2016/Laboratory/BIOPRO_I.xpt","LBDSTBSI","Total Bilirubin (umol/L)"
"2015-2016","biochemistry","BIOPRO_I","D:/Dev/Bio/nhanes-pfas-albumin-mortality/Database/nhanes/2015-2016/Laboratory/BIOPRO_I.xpt","LBXSTP","Total Protein (g/dL)"
"2015-2016","biochemistry","BIOPRO_I","D:/Dev/Bio/nhanes-pfas-albumin-mortality/Database/nhanes/2015-2016/Laboratory/BIOPRO_I.xpt","LBDSTPSI","Total Protein (g/L)"
"2015-2016","biochemistry","BIOPRO_I","D:/Dev/Bio/nhanes-pfas-albumin-mortality/Database/nhanes/2015-2016/Laboratory/BIOPRO_I.xpt","LBXSTR","Triglycerides, refrig serum (mg/dL)"
"2015-2016","biochemistry","BIOPRO_I","D:/Dev/Bio/nhanes-pfas-albumin-mortality/Database/nhanes/2015-2016/Laboratory/BIOPRO_I.xpt","LBDSTRSI","Triglycerides, refrig serum (mmol/L)"
"2015-2016","biochemistry","BIOPRO_I","D:/Dev/Bio/nhanes-pfas-albumin-mortality/Database/nhanes/2015-2016/Laboratory/BIOPRO_I.xpt","LBXSUA","Uric acid (mg/dL)"
"2015-2016","biochemistry","BIOPRO_I","D:/Dev/Bio/nhanes-pfas-albumin-mortality/Database/nhanes/2015-2016/Laboratory/BIOPRO_I.xpt","LBDSUASI","Uric acid (umol/L)"
"2015-2016","metals","PBCD_I","D:/Dev/Bio/nhanes-pfas-albumin-mortality/Database/nhanes/2015-2016/Laboratory/PBCD_I.xpt","SEQN","Respondent sequence number"
"2015-2016","metals","PBCD_I","D:/Dev/Bio/nhanes-pfas-albumin-mortality/Database/nhanes/2015-2016/Laboratory/PBCD_I.xpt","WTSH2YR","Blood metal weights"
"2015-2016","metals","PBCD_I","D:/Dev/Bio/nhanes-pfas-albumin-mortality/Database/nhanes/2015-2016/Laboratory/PBCD_I.xpt","LBXBPB","Blood lead (ug/dL)"
"2015-2016","metals","PBCD_I","D:/Dev/Bio/nhanes-pfas-albumin-mortality/Database/nhanes/2015-2016/Laboratory/PBCD_I.xpt","LBDBPBSI","Blood lead (umol/L)"
"2015-2016","metals","PBCD_I","D:/Dev/Bio/nhanes-pfas-albumin-mortality/Database/nhanes/2015-2016/Laboratory/PBCD_I.xpt","LBDBPBLC","Blood lead comment code"
"2015-2016","metals","PBCD_I","D:/Dev/Bio/nhanes-pfas-albumin-mortality/Database/nhanes/2015-2016/Laboratory/PBCD_I.xpt","LBXBCD","Blood cadmium (ug/L)"
"2015-2016","metals","PBCD_I","D:/Dev/Bio/nhanes-pfas-albumin-mortality/Database/nhanes/2015-2016/Laboratory/PBCD_I.xpt","LBDBCDSI","Blood cadmium (umol/L)"
"2015-2016","metals","PBCD_I","D:/Dev/Bio/nhanes-pfas-albumin-mortality/Database/nhanes/2015-2016/Laboratory/PBCD_I.xpt","LBDBCDLC","Blood cadmium comment code"
"2015-2016","metals","PBCD_I","D:/Dev/Bio/nhanes-pfas-albumin-mortality/Database/nhanes/2015-2016/Laboratory/PBCD_I.xpt","LBXTHG","Blood mercury, total (ug/L)"
"2015-2016","metals","PBCD_I","D:/Dev/Bio/nhanes-pfas-albumin-mortality/Database/nhanes/2015-2016/Laboratory/PBCD_I.xpt","LBDTHGSI","Blood mercury, total (umol/L)"
"2015-2016","metals","PBCD_I","D:/Dev/Bio/nhanes-pfas-albumin-mortality/Database/nhanes/2015-2016/Laboratory/PBCD_I.xpt","LBDTHGLC","Blood mercury, total comment code"
"2015-2016","metals","PBCD_I","D:/Dev/Bio/nhanes-pfas-albumin-mortality/Database/nhanes/2015-2016/Laboratory/PBCD_I.xpt","LBXBSE","Blood selenium (ug/L)"
"2015-2016","metals","PBCD_I","D:/Dev/Bio/nhanes-pfas-albumin-mortality/Database/nhanes/2015-2016/Laboratory/PBCD_I.xpt","LBDBSESI","Blood selenium (umol/L)"
"2015-2016","metals","PBCD_I","D:/Dev/Bio/nhanes-pfas-albumin-mortality/Database/nhanes/2015-2016/Laboratory/PBCD_I.xpt","LBDBSELC","Blood selenium comment code"
"2015-2016","metals","PBCD_I","D:/Dev/Bio/nhanes-pfas-albumin-mortality/Database/nhanes/2015-2016/Laboratory/PBCD_I.xpt","LBXBMN","Blood manganese (ug/L)"
"2015-2016","metals","PBCD_I","D:/Dev/Bio/nhanes-pfas-albumin-mortality/Database/nhanes/2015-2016/Laboratory/PBCD_I.xpt","LBDBMNSI","Blood manganese (umol/L)"
"2015-2016","metals","PBCD_I","D:/Dev/Bio/nhanes-pfas-albumin-mortality/Database/nhanes/2015-2016/Laboratory/PBCD_I.xpt","LBDBMNLC","Blood manganese comment code"
"2015-2016","pfas_standard","PFAS_I","D:/Dev/Bio/nhanes-pfas-albumin-mortality/Database/nhanes/2015-2016/Laboratory/PFAS_I.xpt","SEQN","Respondent sequence number"
"2015-2016","pfas_standard","PFAS_I","D:/Dev/Bio/nhanes-pfas-albumin-mortality/Database/nhanes/2015-2016/Laboratory/PFAS_I.xpt","WTSB2YR","Subsample B weights"
"2015-2016","pfas_standard","PFAS_I","D:/Dev/Bio/nhanes-pfas-albumin-mortality/Database/nhanes/2015-2016/Laboratory/PFAS_I.xpt","LBXPFDE","Perfluorodecanoic acid (ng/mL)"
"2015-2016","pfas_standard","PFAS_I","D:/Dev/Bio/nhanes-pfas-albumin-mortality/Database/nhanes/2015-2016/Laboratory/PFAS_I.xpt","LBDPFDEL","Perfluorodecanoic acid Comment Code"
"2015-2016","pfas_standard","PFAS_I","D:/Dev/Bio/nhanes-pfas-albumin-mortality/Database/nhanes/2015-2016/Laboratory/PFAS_I.xpt","LBXPFHS","Perfluorohexane sulfonic acid (ng/mL)"
"2015-2016","pfas_standard","PFAS_I","D:/Dev/Bio/nhanes-pfas-albumin-mortality/Database/nhanes/2015-2016/Laboratory/PFAS_I.xpt","LBDPFHSL","Perfluorohexane sulfonic acid Comt Code"
"2015-2016","pfas_standard","PFAS_I","D:/Dev/Bio/nhanes-pfas-albumin-mortality/Database/nhanes/2015-2016/Laboratory/PFAS_I.xpt","LBXMPAH","2-(N-methyl-PFOSA)acetic acid (ng/mL)"
"2015-2016","pfas_standard","PFAS_I","D:/Dev/Bio/nhanes-pfas-albumin-mortality/Database/nhanes/2015-2016/Laboratory/PFAS_I.xpt","LBDMPAHL","2-(N-methyl-PFOSA) acetic acid Comt Code"
"2015-2016","pfas_standard","PFAS_I","D:/Dev/Bio/nhanes-pfas-albumin-mortality/Database/nhanes/2015-2016/Laboratory/PFAS_I.xpt","LBXPFNA","Perfluorononanoic acid (ng/mL)"
"2015-2016","pfas_standard","PFAS_I","D:/Dev/Bio/nhanes-pfas-albumin-mortality/Database/nhanes/2015-2016/Laboratory/PFAS_I.xpt","LBDPFNAL","Perfluorononanoic acid Comment Code"
"2015-2016","pfas_standard","PFAS_I","D:/Dev/Bio/nhanes-pfas-albumin-mortality/Database/nhanes/2015-2016/Laboratory/PFAS_I.xpt","LBXPFUA","Perfluoroundecanoic acid (ng/mL)"
"2015-2016","pfas_standard","PFAS_I","D:/Dev/Bio/nhanes-pfas-albumin-mortality/Database/nhanes/2015-2016/Laboratory/PFAS_I.xpt","LBDPFUAL","Perfluoroundecanoic acid Comment Code"
"2015-2016","pfas_standard","PFAS_I","D:/Dev/Bio/nhanes-pfas-albumin-mortality/Database/nhanes/2015-2016/Laboratory/PFAS_I.xpt","LBXPFDO","Perfluorododecanoic acid (ng/mL)"
"2015-2016","pfas_standard","PFAS_I","D:/Dev/Bio/nhanes-pfas-albumin-mortality/Database/nhanes/2015-2016/Laboratory/PFAS_I.xpt","LBDPFDOL","Perfluorododecanoic acid comment"
"2015-2016","pfas_standard","PFAS_I","D:/Dev/Bio/nhanes-pfas-albumin-mortality/Database/nhanes/2015-2016/Laboratory/PFAS_I.xpt","LBXNFOA","n-perfluorooctanoic acid (ng/mL)"
"2015-2016","pfas_standard","PFAS_I","D:/Dev/Bio/nhanes-pfas-albumin-mortality/Database/nhanes/2015-2016/Laboratory/PFAS_I.xpt","LBDNFOAL","n-perfluorooctanoic acid Comment Code"
"2015-2016","pfas_standard","PFAS_I","D:/Dev/Bio/nhanes-pfas-albumin-mortality/Database/nhanes/2015-2016/Laboratory/PFAS_I.xpt","LBXBFOA","Br. perfluorooctanoic acid iso (ng/mL)"
"2015-2016","pfas_standard","PFAS_I","D:/Dev/Bio/nhanes-pfas-albumin-mortality/Database/nhanes/2015-2016/Laboratory/PFAS_I.xpt","LBDBFOAL","Br. perfluorooctanoic acid iso Comt Code"
"2015-2016","pfas_standard","PFAS_I","D:/Dev/Bio/nhanes-pfas-albumin-mortality/Database/nhanes/2015-2016/Laboratory/PFAS_I.xpt","LBXNFOS","n-perfluorooctane sulfonic acid (ng/mL)"
"2015-2016","pfas_standard","PFAS_I","D:/Dev/Bio/nhanes-pfas-albumin-mortality/Database/nhanes/2015-2016/Laboratory/PFAS_I.xpt","LBDNFOSL","n-perfluorooctane sulfonic Comt Code"
"2015-2016","pfas_standard","PFAS_I","D:/Dev/Bio/nhanes-pfas-albumin-mortality/Database/nhanes/2015-2016/Laboratory/PFAS_I.xpt","LBXMFOS","Sm-PFOS (ng/mL)"
"2015-2016","pfas_standard","PFAS_I","D:/Dev/Bio/nhanes-pfas-albumin-mortality/Database/nhanes/2015-2016/Laboratory/PFAS_I.xpt","LBDMFOSL","Sm-PFOS Comment Code"
"2017-2018","demo","DEMO_J","D:/Dev/Bio/nhanes-pfas-albumin-mortality/Database/nhanes/2017-2018/Demographics/DEMO_J.xpt","SEQN","Respondent sequence number"
"2017-2018","demo","DEMO_J","D:/Dev/Bio/nhanes-pfas-albumin-mortality/Database/nhanes/2017-2018/Demographics/DEMO_J.xpt","SDDSRVYR","Data release cycle"
"2017-2018","demo","DEMO_J","D:/Dev/Bio/nhanes-pfas-albumin-mortality/Database/nhanes/2017-2018/Demographics/DEMO_J.xpt","RIDSTATR","Interview/Examination status"
"2017-2018","demo","DEMO_J","D:/Dev/Bio/nhanes-pfas-albumin-mortality/Database/nhanes/2017-2018/Demographics/DEMO_J.xpt","RIAGENDR","Gender"
"2017-2018","demo","DEMO_J","D:/Dev/Bio/nhanes-pfas-albumin-mortality/Database/nhanes/2017-2018/Demographics/DEMO_J.xpt","RIDAGEYR","Age in years at screening"
"2017-2018","demo","DEMO_J","D:/Dev/Bio/nhanes-pfas-albumin-mortality/Database/nhanes/2017-2018/Demographics/DEMO_J.xpt","RIDAGEMN","Age in months at screening - 0 to 24 mos"
"2017-2018","demo","DEMO_J","D:/Dev/Bio/nhanes-pfas-albumin-mortality/Database/nhanes/2017-2018/Demographics/DEMO_J.xpt","RIDRETH1","Race/Hispanic origin"
"2017-2018","demo","DEMO_J","D:/Dev/Bio/nhanes-pfas-albumin-mortality/Database/nhanes/2017-2018/Demographics/DEMO_J.xpt","RIDRETH3","Race/Hispanic origin w/ NH Asian"
"2017-2018","demo","DEMO_J","D:/Dev/Bio/nhanes-pfas-albumin-mortality/Database/nhanes/2017-2018/Demographics/DEMO_J.xpt","RIDEXMON","Six month time period"
"2017-2018","demo","DEMO_J","D:/Dev/Bio/nhanes-pfas-albumin-mortality/Database/nhanes/2017-2018/Demographics/DEMO_J.xpt","RIDEXAGM","Age in months at exam - 0 to 19 years"
"2017-2018","demo","DEMO_J","D:/Dev/Bio/nhanes-pfas-albumin-mortality/Database/nhanes/2017-2018/Demographics/DEMO_J.xpt","DMQMILIZ","Served active duty in US Armed Forces"
"2017-2018","demo","DEMO_J","D:/Dev/Bio/nhanes-pfas-albumin-mortality/Database/nhanes/2017-2018/Demographics/DEMO_J.xpt","DMQADFC","Served in a foreign country"
"2017-2018","demo","DEMO_J","D:/Dev/Bio/nhanes-pfas-albumin-mortality/Database/nhanes/2017-2018/Demographics/DEMO_J.xpt","DMDBORN4","Country of birth"
"2017-2018","demo","DEMO_J","D:/Dev/Bio/nhanes-pfas-albumin-mortality/Database/nhanes/2017-2018/Demographics/DEMO_J.xpt","DMDCITZN","Citizenship status"
"2017-2018","demo","DEMO_J","D:/Dev/Bio/nhanes-pfas-albumin-mortality/Database/nhanes/2017-2018/Demographics/DEMO_J.xpt","DMDYRSUS","Length of time in US"
"2017-2018","demo","DEMO_J","D:/Dev/Bio/nhanes-pfas-albumin-mortality/Database/nhanes/2017-2018/Demographics/DEMO_J.xpt","DMDEDUC3","Education level - Children/Youth 6-19"
"2017-2018","demo","DEMO_J","D:/Dev/Bio/nhanes-pfas-albumin-mortality/Database/nhanes/2017-2018/Demographics/DEMO_J.xpt","DMDEDUC2","Education level - Adults 20+"
"2017-2018","demo","DEMO_J","D:/Dev/Bio/nhanes-pfas-albumin-mortality/Database/nhanes/2017-2018/Demographics/DEMO_J.xpt","DMDMARTL","Marital status"
"2017-2018","demo","DEMO_J","D:/Dev/Bio/nhanes-pfas-albumin-mortality/Database/nhanes/2017-2018/Demographics/DEMO_J.xpt","RIDEXPRG","Pregnancy status at exam"
"2017-2018","demo","DEMO_J","D:/Dev/Bio/nhanes-pfas-albumin-mortality/Database/nhanes/2017-2018/Demographics/DEMO_J.xpt","SIALANG","Language of SP Interview"
"2017-2018","demo","DEMO_J","D:/Dev/Bio/nhanes-pfas-albumin-mortality/Database/nhanes/2017-2018/Demographics/DEMO_J.xpt","SIAPROXY","Proxy used in SP Interview?"
"2017-2018","demo","DEMO_J","D:/Dev/Bio/nhanes-pfas-albumin-mortality/Database/nhanes/2017-2018/Demographics/DEMO_J.xpt","SIAINTRP","Interpreter used in SP Interview?"
"2017-2018","demo","DEMO_J","D:/Dev/Bio/nhanes-pfas-albumin-mortality/Database/nhanes/2017-2018/Demographics/DEMO_J.xpt","FIALANG","Language of Family Interview"
"2017-2018","demo","DEMO_J","D:/Dev/Bio/nhanes-pfas-albumin-mortality/Database/nhanes/2017-2018/Demographics/DEMO_J.xpt","FIAPROXY","Proxy used in Family Interview?"
"2017-2018","demo","DEMO_J","D:/Dev/Bio/nhanes-pfas-albumin-mortality/Database/nhanes/2017-2018/Demographics/DEMO_J.xpt","FIAINTRP","Interpreter used in Family Interview?"
"2017-2018","demo","DEMO_J","D:/Dev/Bio/nhanes-pfas-albumin-mortality/Database/nhanes/2017-2018/Demographics/DEMO_J.xpt","MIALANG","Language of MEC Interview"
"2017-2018","demo","DEMO_J","D:/Dev/Bio/nhanes-pfas-albumin-mortality/Database/nhanes/2017-2018/Demographics/DEMO_J.xpt","MIAPROXY","Proxy used in MEC Interview?"
"2017-2018","demo","DEMO_J","D:/Dev/Bio/nhanes-pfas-albumin-mortality/Database/nhanes/2017-2018/Demographics/DEMO_J.xpt","MIAINTRP","Interpreter used in MEC Interview?"
"2017-2018","demo","DEMO_J","D:/Dev/Bio/nhanes-pfas-albumin-mortality/Database/nhanes/2017-2018/Demographics/DEMO_J.xpt","AIALANGA","Language of ACASI Interview"
"2017-2018","demo","DEMO_J","D:/Dev/Bio/nhanes-pfas-albumin-mortality/Database/nhanes/2017-2018/Demographics/DEMO_J.xpt","DMDHHSIZ","Total number of people in the Household"
"2017-2018","demo","DEMO_J","D:/Dev/Bio/nhanes-pfas-albumin-mortality/Database/nhanes/2017-2018/Demographics/DEMO_J.xpt","DMDFMSIZ","Total number of people in the Family"
"2017-2018","demo","DEMO_J","D:/Dev/Bio/nhanes-pfas-albumin-mortality/Database/nhanes/2017-2018/Demographics/DEMO_J.xpt","DMDHHSZA","# of children 5 years or younger in HH"
"2017-2018","demo","DEMO_J","D:/Dev/Bio/nhanes-pfas-albumin-mortality/Database/nhanes/2017-2018/Demographics/DEMO_J.xpt","DMDHHSZB","# of children 6-17 years old in HH"
"2017-2018","demo","DEMO_J","D:/Dev/Bio/nhanes-pfas-albumin-mortality/Database/nhanes/2017-2018/Demographics/DEMO_J.xpt","DMDHHSZE","# of adults 60 years or older in HH"
"2017-2018","demo","DEMO_J","D:/Dev/Bio/nhanes-pfas-albumin-mortality/Database/nhanes/2017-2018/Demographics/DEMO_J.xpt","DMDHRGND","HH ref person's gender"
"2017-2018","demo","DEMO_J","D:/Dev/Bio/nhanes-pfas-albumin-mortality/Database/nhanes/2017-2018/Demographics/DEMO_J.xpt","DMDHRAGZ","HH ref person's age in years"
"2017-2018","demo","DEMO_J","D:/Dev/Bio/nhanes-pfas-albumin-mortality/Database/nhanes/2017-2018/Demographics/DEMO_J.xpt","DMDHREDZ","HH ref person's education level"
"2017-2018","demo","DEMO_J","D:/Dev/Bio/nhanes-pfas-albumin-mortality/Database/nhanes/2017-2018/Demographics/DEMO_J.xpt","DMDHRMAZ","HH ref person's marital status"
"2017-2018","demo","DEMO_J","D:/Dev/Bio/nhanes-pfas-albumin-mortality/Database/nhanes/2017-2018/Demographics/DEMO_J.xpt","DMDHSEDZ","HH ref person's spouse's education level"
"2017-2018","demo","DEMO_J","D:/Dev/Bio/nhanes-pfas-albumin-mortality/Database/nhanes/2017-2018/Demographics/DEMO_J.xpt","WTINT2YR","Full sample 2 year interview weight"
"2017-2018","demo","DEMO_J","D:/Dev/Bio/nhanes-pfas-albumin-mortality/Database/nhanes/2017-2018/Demographics/DEMO_J.xpt","WTMEC2YR","Full sample 2 year MEC exam weight"
"2017-2018","demo","DEMO_J","D:/Dev/Bio/nhanes-pfas-albumin-mortality/Database/nhanes/2017-2018/Demographics/DEMO_J.xpt","SDMVPSU","Masked variance pseudo-PSU"
"2017-2018","demo","DEMO_J","D:/Dev/Bio/nhanes-pfas-albumin-mortality/Database/nhanes/2017-2018/Demographics/DEMO_J.xpt","SDMVSTRA","Masked variance pseudo-stratum"
"2017-2018","demo","DEMO_J","D:/Dev/Bio/nhanes-pfas-albumin-mortality/Database/nhanes/2017-2018/Demographics/DEMO_J.xpt","INDHHIN2","Annual household income"
"2017-2018","demo","DEMO_J","D:/Dev/Bio/nhanes-pfas-albumin-mortality/Database/nhanes/2017-2018/Demographics/DEMO_J.xpt","INDFMIN2","Annual family income"
"2017-2018","demo","DEMO_J","D:/Dev/Bio/nhanes-pfas-albumin-mortality/Database/nhanes/2017-2018/Demographics/DEMO_J.xpt","INDFMPIR","Ratio of family income to poverty"
"2017-2018","biochemistry","BIOPRO_J","D:/Dev/Bio/nhanes-pfas-albumin-mortality/Database/nhanes/2017-2018/Laboratory/BIOPRO_J.xpt","SEQN","Respondent Sequence Number"
"2017-2018","biochemistry","BIOPRO_J","D:/Dev/Bio/nhanes-pfas-albumin-mortality/Database/nhanes/2017-2018/Laboratory/BIOPRO_J.xpt","LBXSATSI","Alanine Aminotransferase (ALT) (U/L)"
"2017-2018","biochemistry","BIOPRO_J","D:/Dev/Bio/nhanes-pfas-albumin-mortality/Database/nhanes/2017-2018/Laboratory/BIOPRO_J.xpt","LBDSATLC","ALT Comment Code"
"2017-2018","biochemistry","BIOPRO_J","D:/Dev/Bio/nhanes-pfas-albumin-mortality/Database/nhanes/2017-2018/Laboratory/BIOPRO_J.xpt","LBXSAL","Albumin, refrigerated serum (g/dL)"
"2017-2018","biochemistry","BIOPRO_J","D:/Dev/Bio/nhanes-pfas-albumin-mortality/Database/nhanes/2017-2018/Laboratory/BIOPRO_J.xpt","LBDSALSI","Albumin, refrigerated serum (g/L)"
"2017-2018","biochemistry","BIOPRO_J","D:/Dev/Bio/nhanes-pfas-albumin-mortality/Database/nhanes/2017-2018/Laboratory/BIOPRO_J.xpt","LBXSAPSI","Alkaline Phosphatase (ALP) (IU/L)"
"2017-2018","biochemistry","BIOPRO_J","D:/Dev/Bio/nhanes-pfas-albumin-mortality/Database/nhanes/2017-2018/Laboratory/BIOPRO_J.xpt","LBXSASSI","Aspartate Aminotransferase (AST) (U/L)"
"2017-2018","biochemistry","BIOPRO_J","D:/Dev/Bio/nhanes-pfas-albumin-mortality/Database/nhanes/2017-2018/Laboratory/BIOPRO_J.xpt","LBXSC3SI","Bicarbonate (mmol/L)"
"2017-2018","biochemistry","BIOPRO_J","D:/Dev/Bio/nhanes-pfas-albumin-mortality/Database/nhanes/2017-2018/Laboratory/BIOPRO_J.xpt","LBXSBU","Blood Urea Nitrogen (mg/dL)"
"2017-2018","biochemistry","BIOPRO_J","D:/Dev/Bio/nhanes-pfas-albumin-mortality/Database/nhanes/2017-2018/Laboratory/BIOPRO_J.xpt","LBDSBUSI","Blood Urea Nitrogen (mmol/L)"
"2017-2018","biochemistry","BIOPRO_J","D:/Dev/Bio/nhanes-pfas-albumin-mortality/Database/nhanes/2017-2018/Laboratory/BIOPRO_J.xpt","LBXSCLSI","Chloride (mmol/L)"
"2017-2018","biochemistry","BIOPRO_J","D:/Dev/Bio/nhanes-pfas-albumin-mortality/Database/nhanes/2017-2018/Laboratory/BIOPRO_J.xpt","LBXSCK","Creatine Phosphokinase (CPK) (IU/L)"
"2017-2018","biochemistry","BIOPRO_J","D:/Dev/Bio/nhanes-pfas-albumin-mortality/Database/nhanes/2017-2018/Laboratory/BIOPRO_J.xpt","LBXSCR","Creatinine, refrigerated serum (mg/dL)"
"2017-2018","biochemistry","BIOPRO_J","D:/Dev/Bio/nhanes-pfas-albumin-mortality/Database/nhanes/2017-2018/Laboratory/BIOPRO_J.xpt","LBDSCRSI","Creatinine, refrigerated serum (umol/L)"
"2017-2018","biochemistry","BIOPRO_J","D:/Dev/Bio/nhanes-pfas-albumin-mortality/Database/nhanes/2017-2018/Laboratory/BIOPRO_J.xpt","LBXSGB","Globulin (g/dL)"
"2017-2018","biochemistry","BIOPRO_J","D:/Dev/Bio/nhanes-pfas-albumin-mortality/Database/nhanes/2017-2018/Laboratory/BIOPRO_J.xpt","LBDSGBSI","Globulin (g/L)"
"2017-2018","biochemistry","BIOPRO_J","D:/Dev/Bio/nhanes-pfas-albumin-mortality/Database/nhanes/2017-2018/Laboratory/BIOPRO_J.xpt","LBXSGL","Glucose, refrigerated serum (mg/dL)"
"2017-2018","biochemistry","BIOPRO_J","D:/Dev/Bio/nhanes-pfas-albumin-mortality/Database/nhanes/2017-2018/Laboratory/BIOPRO_J.xpt","LBDSGLSI","Glucose, refrigerated serum (mmol/L)"
"2017-2018","biochemistry","BIOPRO_J","D:/Dev/Bio/nhanes-pfas-albumin-mortality/Database/nhanes/2017-2018/Laboratory/BIOPRO_J.xpt","LBXSGTSI","Gamma Glutamyl Transferase (GGT) (IU/L)"
"2017-2018","biochemistry","BIOPRO_J","D:/Dev/Bio/nhanes-pfas-albumin-mortality/Database/nhanes/2017-2018/Laboratory/BIOPRO_J.xpt","LBDSGTLC","GGT Comment Code"
"2017-2018","biochemistry","BIOPRO_J","D:/Dev/Bio/nhanes-pfas-albumin-mortality/Database/nhanes/2017-2018/Laboratory/BIOPRO_J.xpt","LBXSIR","Iron, refrigerated serum (ug/dL)"
"2017-2018","biochemistry","BIOPRO_J","D:/Dev/Bio/nhanes-pfas-albumin-mortality/Database/nhanes/2017-2018/Laboratory/BIOPRO_J.xpt","LBDSIRSI","Iron, refrigerated serum (umol/L)"
"2017-2018","biochemistry","BIOPRO_J","D:/Dev/Bio/nhanes-pfas-albumin-mortality/Database/nhanes/2017-2018/Laboratory/BIOPRO_J.xpt","LBXSLDSI","Lactate Dehydrogenase (LDH) (IU/L)"
"2017-2018","biochemistry","BIOPRO_J","D:/Dev/Bio/nhanes-pfas-albumin-mortality/Database/nhanes/2017-2018/Laboratory/BIOPRO_J.xpt","LBXSOSSI","Osmolality (mmol/Kg)"
"2017-2018","biochemistry","BIOPRO_J","D:/Dev/Bio/nhanes-pfas-albumin-mortality/Database/nhanes/2017-2018/Laboratory/BIOPRO_J.xpt","LBXSPH","Phosphorus (mg/dL)"
"2017-2018","biochemistry","BIOPRO_J","D:/Dev/Bio/nhanes-pfas-albumin-mortality/Database/nhanes/2017-2018/Laboratory/BIOPRO_J.xpt","LBDSPHSI","Phosphorus (mmol/L)"
"2017-2018","biochemistry","BIOPRO_J","D:/Dev/Bio/nhanes-pfas-albumin-mortality/Database/nhanes/2017-2018/Laboratory/BIOPRO_J.xpt","LBXSKSI","Potassium (mmol/L)"
"2017-2018","biochemistry","BIOPRO_J","D:/Dev/Bio/nhanes-pfas-albumin-mortality/Database/nhanes/2017-2018/Laboratory/BIOPRO_J.xpt","LBXSNASI","Sodium (mmol/L)"
"2017-2018","biochemistry","BIOPRO_J","D:/Dev/Bio/nhanes-pfas-albumin-mortality/Database/nhanes/2017-2018/Laboratory/BIOPRO_J.xpt","LBXSTB","Total Bilirubin (mg/dL)"
"2017-2018","biochemistry","BIOPRO_J","D:/Dev/Bio/nhanes-pfas-albumin-mortality/Database/nhanes/2017-2018/Laboratory/BIOPRO_J.xpt","LBDSTBSI","Total Bilirubin (umol/L)"
"2017-2018","biochemistry","BIOPRO_J","D:/Dev/Bio/nhanes-pfas-albumin-mortality/Database/nhanes/2017-2018/Laboratory/BIOPRO_J.xpt","LBDSTBLC","Total Bilirubin Comment Code"
"2017-2018","biochemistry","BIOPRO_J","D:/Dev/Bio/nhanes-pfas-albumin-mortality/Database/nhanes/2017-2018/Laboratory/BIOPRO_J.xpt","LBXSCA","Total Calcium (mg/dL)"
"2017-2018","biochemistry","BIOPRO_J","D:/Dev/Bio/nhanes-pfas-albumin-mortality/Database/nhanes/2017-2018/Laboratory/BIOPRO_J.xpt","LBDSCASI","Total Calcium (mmol/L)"
"2017-2018","biochemistry","BIOPRO_J","D:/Dev/Bio/nhanes-pfas-albumin-mortality/Database/nhanes/2017-2018/Laboratory/BIOPRO_J.xpt","LBXSCH","Cholesterol, refrigerated serum (mg/dL)"
"2017-2018","biochemistry","BIOPRO_J","D:/Dev/Bio/nhanes-pfas-albumin-mortality/Database/nhanes/2017-2018/Laboratory/BIOPRO_J.xpt","LBDSCHSI","Cholesterol, refrigerated serum (mmol/L)"
"2017-2018","biochemistry","BIOPRO_J","D:/Dev/Bio/nhanes-pfas-albumin-mortality/Database/nhanes/2017-2018/Laboratory/BIOPRO_J.xpt","LBXSTP","Total Protein (g/dL)"
"2017-2018","biochemistry","BIOPRO_J","D:/Dev/Bio/nhanes-pfas-albumin-mortality/Database/nhanes/2017-2018/Laboratory/BIOPRO_J.xpt","LBDSTPSI","Total Protein (g/L)"
"2017-2018","biochemistry","BIOPRO_J","D:/Dev/Bio/nhanes-pfas-albumin-mortality/Database/nhanes/2017-2018/Laboratory/BIOPRO_J.xpt","LBXSTR","Triglycerides, refrig serum (mg/dL)"
"2017-2018","biochemistry","BIOPRO_J","D:/Dev/Bio/nhanes-pfas-albumin-mortality/Database/nhanes/2017-2018/Laboratory/BIOPRO_J.xpt","LBDSTRSI","Triglycerides, refrig serum (mmol/L)"
"2017-2018","biochemistry","BIOPRO_J","D:/Dev/Bio/nhanes-pfas-albumin-mortality/Database/nhanes/2017-2018/Laboratory/BIOPRO_J.xpt","LBXSUA","Uric acid (mg/dL)"
"2017-2018","biochemistry","BIOPRO_J","D:/Dev/Bio/nhanes-pfas-albumin-mortality/Database/nhanes/2017-2018/Laboratory/BIOPRO_J.xpt","LBDSUASI","Uric acid (umol/L)"
"2017-2018","metals","PBCD_J","D:/Dev/Bio/nhanes-pfas-albumin-mortality/Database/nhanes/2017-2018/Laboratory/PBCD_J.xpt","SEQN","Respondent sequence number"
"2017-2018","metals","PBCD_J","D:/Dev/Bio/nhanes-pfas-albumin-mortality/Database/nhanes/2017-2018/Laboratory/PBCD_J.xpt","LBXBPB","Blood lead (ug/dL)"
"2017-2018","metals","PBCD_J","D:/Dev/Bio/nhanes-pfas-albumin-mortality/Database/nhanes/2017-2018/Laboratory/PBCD_J.xpt","LBDBPBSI","Blood lead (umol/L)"
"2017-2018","metals","PBCD_J","D:/Dev/Bio/nhanes-pfas-albumin-mortality/Database/nhanes/2017-2018/Laboratory/PBCD_J.xpt","LBDBPBLC","Blood lead comment code"
"2017-2018","metals","PBCD_J","D:/Dev/Bio/nhanes-pfas-albumin-mortality/Database/nhanes/2017-2018/Laboratory/PBCD_J.xpt","LBXBCD","Blood cadmium (ug/L)"
"2017-2018","metals","PBCD_J","D:/Dev/Bio/nhanes-pfas-albumin-mortality/Database/nhanes/2017-2018/Laboratory/PBCD_J.xpt","LBDBCDSI","Blood cadmium (nmol/L)"
"2017-2018","metals","PBCD_J","D:/Dev/Bio/nhanes-pfas-albumin-mortality/Database/nhanes/2017-2018/Laboratory/PBCD_J.xpt","LBDBCDLC","Blood cadmium comment code"
"2017-2018","metals","PBCD_J","D:/Dev/Bio/nhanes-pfas-albumin-mortality/Database/nhanes/2017-2018/Laboratory/PBCD_J.xpt","LBXTHG","Blood mercury, total (ug/L)"
"2017-2018","metals","PBCD_J","D:/Dev/Bio/nhanes-pfas-albumin-mortality/Database/nhanes/2017-2018/Laboratory/PBCD_J.xpt","LBDTHGSI","Blood mercury, total (nmol/L)"
"2017-2018","metals","PBCD_J","D:/Dev/Bio/nhanes-pfas-albumin-mortality/Database/nhanes/2017-2018/Laboratory/PBCD_J.xpt","LBDTHGLC","Blood mercury, total comment code"
"2017-2018","metals","PBCD_J","D:/Dev/Bio/nhanes-pfas-albumin-mortality/Database/nhanes/2017-2018/Laboratory/PBCD_J.xpt","LBXBSE","Blood selenium (ug/L)"
"2017-2018","metals","PBCD_J","D:/Dev/Bio/nhanes-pfas-albumin-mortality/Database/nhanes/2017-2018/Laboratory/PBCD_J.xpt","LBDBSESI","Blood selenium (umol/L)"
"2017-2018","metals","PBCD_J","D:/Dev/Bio/nhanes-pfas-albumin-mortality/Database/nhanes/2017-2018/Laboratory/PBCD_J.xpt","LBDBSELC","Blood selenium comment code"
"2017-2018","metals","PBCD_J","D:/Dev/Bio/nhanes-pfas-albumin-mortality/Database/nhanes/2017-2018/Laboratory/PBCD_J.xpt","LBXBMN","Blood manganese (ug/L)"
"2017-2018","metals","PBCD_J","D:/Dev/Bio/nhanes-pfas-albumin-mortality/Database/nhanes/2017-2018/Laboratory/PBCD_J.xpt","LBDBMNSI","Blood manganese (nmol/L)"
"2017-2018","metals","PBCD_J","D:/Dev/Bio/nhanes-pfas-albumin-mortality/Database/nhanes/2017-2018/Laboratory/PBCD_J.xpt","LBDBMNLC","Blood manganese comment code"
"2017-2018","pfas_standard","PFAS_J","D:/Dev/Bio/nhanes-pfas-albumin-mortality/Database/nhanes/2017-2018/Laboratory/PFAS_J.xpt","SEQN","Respondent sequence number"
"2017-2018","pfas_standard","PFAS_J","D:/Dev/Bio/nhanes-pfas-albumin-mortality/Database/nhanes/2017-2018/Laboratory/PFAS_J.xpt","WTSB2YR","Subsample B weights"
"2017-2018","pfas_standard","PFAS_J","D:/Dev/Bio/nhanes-pfas-albumin-mortality/Database/nhanes/2017-2018/Laboratory/PFAS_J.xpt","LBXPFDE","Perfluorodecanoic acid (ng/mL)"
"2017-2018","pfas_standard","PFAS_J","D:/Dev/Bio/nhanes-pfas-albumin-mortality/Database/nhanes/2017-2018/Laboratory/PFAS_J.xpt","LBDPFDEL","Perfluorodecanoic acid Comment Code"
"2017-2018","pfas_standard","PFAS_J","D:/Dev/Bio/nhanes-pfas-albumin-mortality/Database/nhanes/2017-2018/Laboratory/PFAS_J.xpt","LBXPFHS","Perfluorohexane sulfonic acid (ng/mL)"
"2017-2018","pfas_standard","PFAS_J","D:/Dev/Bio/nhanes-pfas-albumin-mortality/Database/nhanes/2017-2018/Laboratory/PFAS_J.xpt","LBDPFHSL","Perfluorohexane sulfonic acid Comt Code"
"2017-2018","pfas_standard","PFAS_J","D:/Dev/Bio/nhanes-pfas-albumin-mortality/Database/nhanes/2017-2018/Laboratory/PFAS_J.xpt","LBXMPAH","2-(N-methyl-PFOSA)acetic acid (ng/mL)"
"2017-2018","pfas_standard","PFAS_J","D:/Dev/Bio/nhanes-pfas-albumin-mortality/Database/nhanes/2017-2018/Laboratory/PFAS_J.xpt","LBDMPAHL","2-(N-methyl-PFOSA) acetic acid Comt Code"
"2017-2018","pfas_standard","PFAS_J","D:/Dev/Bio/nhanes-pfas-albumin-mortality/Database/nhanes/2017-2018/Laboratory/PFAS_J.xpt","LBXPFNA","Perfluorononanoic acid (ng/mL)"
"2017-2018","pfas_standard","PFAS_J","D:/Dev/Bio/nhanes-pfas-albumin-mortality/Database/nhanes/2017-2018/Laboratory/PFAS_J.xpt","LBDPFNAL","Perfluorononanoic acid Comment Code"
"2017-2018","pfas_standard","PFAS_J","D:/Dev/Bio/nhanes-pfas-albumin-mortality/Database/nhanes/2017-2018/Laboratory/PFAS_J.xpt","LBXPFUA","Perfluoroundecanoic acid (ng/mL)"
"2017-2018","pfas_standard","PFAS_J","D:/Dev/Bio/nhanes-pfas-albumin-mortality/Database/nhanes/2017-2018/Laboratory/PFAS_J.xpt","LBDPFUAL","Perfluoroundecanoic acid Comment Code"
"2017-2018","pfas_standard","PFAS_J","D:/Dev/Bio/nhanes-pfas-albumin-mortality/Database/nhanes/2017-2018/Laboratory/PFAS_J.xpt","LBXNFOA","n-perfluorooctanoic acid (ng/mL)"
"2017-2018","pfas_standard","PFAS_J","D:/Dev/Bio/nhanes-pfas-albumin-mortality/Database/nhanes/2017-2018/Laboratory/PFAS_J.xpt","LBDNFOAL","n-perfluorooctanoic acid Comment Code"
"2017-2018","pfas_standard","PFAS_J","D:/Dev/Bio/nhanes-pfas-albumin-mortality/Database/nhanes/2017-2018/Laboratory/PFAS_J.xpt","LBXBFOA","Br. perfluorooctanoic acid iso (ng/mL)"
"2017-2018","pfas_standard","PFAS_J","D:/Dev/Bio/nhanes-pfas-albumin-mortality/Database/nhanes/2017-2018/Laboratory/PFAS_J.xpt","LBDBFOAL","Br. perfluorooctanoic acid iso Comt Code"
"2017-2018","pfas_standard","PFAS_J","D:/Dev/Bio/nhanes-pfas-albumin-mortality/Database/nhanes/2017-2018/Laboratory/PFAS_J.xpt","LBXNFOS","n-perfluorooctane sulfonic acid (ng/mL)"
"2017-2018","pfas_standard","PFAS_J","D:/Dev/Bio/nhanes-pfas-albumin-mortality/Database/nhanes/2017-2018/Laboratory/PFAS_J.xpt","LBDNFOSL","n-perfluorooctane sulfonic Comt Code"
"2017-2018","pfas_standard","PFAS_J","D:/Dev/Bio/nhanes-pfas-albumin-mortality/Database/nhanes/2017-2018/Laboratory/PFAS_J.xpt","LBXMFOS","Sm-PFOS (ng/mL)"
"2017-2018","pfas_standard","PFAS_J","D:/Dev/Bio/nhanes-pfas-albumin-mortality/Database/nhanes/2017-2018/Laboratory/PFAS_J.xpt","LBDMFOSL","Sm-PFOS Comment Code"
